no,date,time,traffic_type,variation_traffic_from,external_ip,internal_ip,protocol,packet_loss,throughput,latency,jitter,ping,packet_length
1,3/14/2024,9:33:04,Voice,VoIP,108.137.97.103,110.137.195.123,ICMP,0,13.11,9.76,4.25,24,64
2,3/14/2024,9:38:04,Voice,VoIP,108.137.97.103,110.137.195.123,ICMP,3.2,18.11,15.78,9.6,162,64
3,3/14/2024,9:41:40,Voice,VoIP,108.137.97.103,110.137.195.123,ICMP,0,12.13,10.76,9.39,21,64
4,3/14/2024,9:46:06,Voice,VoIP,108.137.97.103,110.137.195.123,ICMP,10.66,3.77,19.12,9.12,25,64
5,3/14/2024,12:23:50,Voice,VoIP,35.229.206.207,110.137.195.123,ICMP,0,10.02,61.97,2.49,14,64
6,3/14/2024,12:25:01,Video,Youtube,110.137.195.148,192.168.100.58,TCP,0,4.25,23,223,56,878
7,3/14/2024,12:27:23,Video ,TikTok,110.137.195.148,192.168.100.58,TCP,0,4.43,6,226,17,416
8,3/14/2024,12:35:45,Game,Xbox,110.137.195.148,192.168.100.58,TCP,0,3.31,229,246,282,4563
9,3/14/2024,12:37:33,Game,Steam,110.137.195.148,192.168.100.58,TCP,0,5.82,9,350,295,2791
10,3/14/2024,13:07:40,Game,Steam ,110.137.195.148,192.168.100.58,TCP,3,4.55,5,227,13,380.4536082
11,3/14/2024,13:08:02,Voice,VoIP,35.229.206.207,110.137.195.123,ICMP,5.5,9.67,62.37,1.94,22,64
12,3/14/2024,13:08:23,Video,Youtube,110.137.195.148,192.168.100.58,TCP,0,2.03,39,227,45,1064
13,3/14/2024,13:10:03,Game,Xbox,110.137.195.148,192.168.100.58,TCP,0,3.71,229,265,305,4766
14,3/14/2024,13:12:44,Video,TikTok,110.137.195.148,192.168.100.58,TCP,0,4.43,7,363,15,546
15,3/14/2024,13:34:04,Video ,Youtube ,110.137.195.148,192.168.100.58,TCP,0,3.35,37,197,46,898
16,3/14/2024,13:36:33,Game,Xbox,110.137.195.148,192.168.100.58,TCP,0,3.41,230,342,293,4756
17,3/14/2024,13:38:22,Video,TikTok,110.137.195.148,192.168.100.58,TCP,0,4.26,8,342,19,566
18,3/14/2024,13:40:11,Game ,Steam,110.137.195.148,192.168.100.58,TCP,0,4.75,6,342,20,556
19,3/14/2024,13:42:39,Video ,Youtube,110.137.195.148,192.168.100.58,TCP,0,3.34,39,340,52,1107
20,3/14/2024,13:45:44,Video,TiktTok,110.137.195.148,192.168.100.58,TCP,3,3.96,6,340,14,510.9484536
21,3/14/2024,13:49:23,Game,Xbox,110.137.195.148,192.168.100.58,TCP,0,3.28,229,237,295,4658
22,3/14/2024,13:50:11,Game,Steam,110.137.195.148,192.168.100.58,TCP,3,4.21,5,237,13,390.4536082
23,3/14/2024,13:59:23,Voice,VoIP,35.229.206.207,110.137.195.123,ICMP,0.84,13.45,62.07,2.9,25,64
24,3/14/2024,14:02:07,Video,TikTok,110.137.195.148,192.168.100.58,TCP,0,3.76,8,367,14,551
25,3/14/2024,14:04:45,Video,Youtube,110.137.195.148,192.168.100.58,TCP,0,3.05,39,358,44,1061
26,3/15/2024,20:58:12,Video,Youtube,110.137.195.148,192.168.100.58,TCP,0,1.82,39,48,50,799
27,3/15/2024,21:05:09,Video,TikTok,110.137.195.148,192.168.100.58,TCP,0,1.35,6,263,25,517
28,3/15/2024,21:09:16,Game,Steam,110.137.195.148,192.168.100.58,TCP,0,2.57,14,246,23,556
29,3/15/2024,21:14:40,Game,Xbox,110.137.195.148,192.168.100.58,TCP,0,3.33,229,244,297,4681
30,3/15/2024,21:17:13,Video,Youtube,110.137.195.148,192.168.100.58,TCP,0,3.15,36,341,44,1017
31,3/15/2024,21:18:03,Game,Xbox,110.137.195.148,192.168.100.58,TCP,0,3.52,234,51,298,4541
32,3/15/2024,21:22:33,Video,TikTok,110.137.195.148,192.168.100.58,TCP,0,5.23,6,245,14,411
33,3/15/2024,21:24:40,Game,Steam,110.137.195.148,192.168.100.58,TCP,0,5.72,4,366,13,506
34,3/15/2024,21:25:09,Game,Xbox,110.137.195.148,192.168.100.58,TCP,0,4.02,229,251,292,4648
35,3/15/2024,21:27:03,Video,Youtube,110.137.195.148,192.168.100.58,TCP,0,3.49,39,374,46,1093
36,3/15/2024,21:28:41,Game,Steam,110.137.195.148,192.168.100.58,TCP,3,5.44,5,375,32,685.1546392
37,3/15/2024,21:30:30,Video,TikTok,110.137.195.148,192.168.100.58,TCP,0,4.93,6,253,15,427
38,3/15/2024,21:31:33,Video,Youtube,110.137.195.148,192.168.100.58,TCP,0,3.92,39,362,45,1073
39,3/15/2024,21:32:22,Game,Xbox,110.137.195.148,192.168.100.58,TCP,0,4.07,228,375,296,4795
40,3/15/2024,21:36:11,Video,TikTok,110.137.195.148,192.168.100.58,TCP,0,4.66,6,254,13,412
41,3/15/2024,21:37:32,Game,Steam,110.137.195.148,192.168.100.58,TCP,0,5.36,5,237,17,418
42,3/15/2024,21:40:12,Game,Xbox,110.137.195.148,192.168.100.58,TCP,0,3.59,232,355,277,4659
43,3/15/2024,21:41:20,Game,Steam,110.137.195.148,192.168.100.58,TCP,0,4.48,5,47,14,204
44,3/15/2024,21:42:35,Video,TikTok,110.137.195.148,192.168.100.58,TCP,0,3.68,6,245,14,411
45,3/15/2024,21:44:10,Video,Youtube,110.137.195.148,192.168.100.58,TCP,0,3.29,39,248,42,935
46,3/15/2024,21:45:33,Video,TikTok,110.137.195.148,192.168.100.58,TCP,0,4.83,5,247,12,388
47,3/15/2024,21:46:28,Video,Youtube,110.137.195.148,192.168.100.58,TCP,0,4.55,34,35,47,717
48,3/15/2024,21:47:10,Game,Steam,110.137.195.148,192.168.100.58,TCP,0,4.68,6,51,15,225
49,3/15/2024,21:49:05,Game,Xbox,110.137.195.148,192.168.100.58,TCP,0,3.65,227,247,294,4642
50,3/15/2024,21:50:27,Game,Steam,110.137.195.148,192.168.100.58,TCP,0,7.44,5,241,17,422
51,3/15/2024,21:51:45,Video,TikTok,110.137.195.148,192.168.100.58,TCP,0,4.27,6,330,14,496
52,3/15/2024,21:52:28,Game,Xbox,110.137.195.148,192.168.100.58,TCP,0,4.31,238,355,294,4849
53,3/15/2024,21:53:13,Video,Youtube,110.137.195.148,192.168.100.58,TCP,0,4.58,39,375,58,1190
54,3/15/2024,21:56:02,Video,TikTok,110.137.195.148,192.168.100.58,TCP,0,5.95,5,252,22,473
55,3/15/2024,21:58:44,Video,Youtube,110.137.195.148,192.168.100.58,TCP,0,4.86,39,375,53,1150
56,3/15/2024,21:59:17,Game,Xbox,110.137.195.148,192.168.100.58,TCP,0,4.11,237,342,290,4795
57,3/15/2024,22:00:21,Game,Steam,110.137.195.148,192.168.100.58,TCP,0,5.02,6,376,14,542
58,3/15/2024,22:01:37,Video,TikTok,110.137.195.148,192.168.100.58,TCP,0,5.27,6,18,14,184
59,3/15/2024,22:02:14,Game,Steam,110.137.195.148,192.168.100.58,TCP,0,5.64,6,19,15,193
60,3/15/2024,22:04:35,Game,Xbox,110.137.195.148,192.168.100.58,TCP,0,3.70,229,375,284,4708
61,3/15/2024,22:06:37,Video,Youtube,110.137.195.148,192.168.100.58,TCP,0,3.86,38,253,45,955
62,3/15/2024,22:07:19,Game,Xbox,110.137.195.148,192.168.100.58,TCP,0,4.12,215,252,297,4563
63,3/15/2024,22:09:43,Video,Youtube,110.137.195.148,192.168.100.58,TCP,0,3.42,39,374,42,1061
64,3/15/2024,22:10:34,Game,Steam,110.137.195.148,192.168.100.58,TCP,0,4.64,7,16,13,183
65,3/15/2024,22:11:23,Video,TikTok,110.137.195.148,192.168.100.58,TCP,0,4.98,6,366,14,532
66,3/15/2024,22:13:04,Game,Steam,110.137.195.148,192.168.100.58,TCP,0,4.22,7,352,13,519
67,3/15/2024,22:14:47,Video,Youtube,110.137.195.148,192.168.100.58,TCP,0,3.50,39,350,45,1061
68,3/15/2024,22:15:31,Video,TikTok,110.137.195.148,192.168.100.58,TCP,0,4.66,6,358,15,532
69,3/15/2024,22:16:14,Game,Xbox,110.137.195.148,192.168.100.58,TCP,0,4.03,230,330,293,4744
70,3/15/2024,22:17:28,Video,TikTok,110.137.195.148,192.168.100.58,TCP,0,4.96,6,359,15,533
71,3/15/2024,22:18:37,Video,Youtube,110.137.195.148,192.168.100.58,TCP,0,4.05,37,360,42,1029
72,3/15/2024,22:20:09,Video,Youtube,110.137.195.148,192.168.100.58,TCP,0,4.06,39,252,48,987
73,3/15/2024,22:21:18,Game,Xbox,110.137.195.148,192.168.100.58,TCP,0,4.40,216,368,293,4656
74,3/15/2024,22:54:02,Video,Youtube,110.137.195.148,192.168.100.58,TCP,0,4.39,37,51,54,816
75,3/15/2024,22:55:38,Video,TikTok,110.137.195.148,192.168.100.58,TCP,0,6.12,7,357,32,676
76,3/15/2024,23:02:31,Game,Xbox,110.137.195.148,192.168.100.58,TCP,2,3.98,245,223,294,4868
77,3/15/2024,23:04:43,Game,Steam,110.137.195.148,192.168.100.58,TCP,0,5.39,6,254,14,420
78,3/15/2024,23:05:17,Video,Youtube,110.137.195.148,192.168.100.58,TCP,0,4.79,26,21,49,647
79,3/15/2024,23:06:13,Video,TikTok,110.137.195.148,192.168.100.58,TCP,3,5.24,7,252,28,547.6597938
80,3/15/2024,23:07:49,Game,Steam,110.137.195.148,192.168.100.58,TCP,1,5.03,6,48,14,215.6161616
81,3/15/2024,23:08:24,Game,Xbox,110.137.195.148,192.168.100.58,TCP,0,4.21,227,51,316,4622
82,3/15/2024,23:09:31,Game,Steam,110.137.195.148,192.168.100.58,TCP,2,5.04,7,335,15,521.5918367
83,3/15/2024,23:11:02,Video,TikTok,110.137.195.148,192.168.100.58,TCP,0,5.11,8,373,18,589
84,3/15/2024,23:12:48,Game,Xbox,110.137.195.148,192.168.100.58,TCP,4,3.60,234,255,294,4889
85,3/15/2024,23:14:06,Game,Steam,110.137.195.148,192.168.100.58,TCP,1,5.63,6,264,17,455.8585859
86,3/15/2024,23:15:35,Video,Youtube,110.137.195.148,192.168.100.58,TCP,3,3.69,32,335,44,993.8041237
87,3/15/2024,23:16:47,Video,TikTok,110.137.195.148,192.168.100.58,TCP,0,5.18,8,258,18,474
88,3/15/2024,23:17:31,Video,TikTok,110.137.195.148,192.168.100.58,TCP,0,5.02,7,17,14,192
89,3/15/2024,23:19:22,Video,Youtube,110.137.195.148,192.168.100.58,TCP,1,3.62,36,258,46,956.6262626
90,3/15/2024,23:20:09,Game,Steam,110.137.195.148,192.168.100.58,TCP,4.3,3.66,5,376,14,539.8296761
91,3/15/2024,23:21:33,Game,Steam,110.137.195.148,192.168.100.58,TCP,2,4.32,6,256,16,441.5918367
92,3/15/2024,23:23:12,Game,Xbox,110.137.195.148,192.168.100.58,TCP,0,4.24,227,258,288,4605
93,3/15/2024,23:24:39,Video,Youtube,110.137.195.148,192.168.100.58,TCP,0,5.16,22,253,51,859
94,3/15/2024,23:26:04,Game,Xbox,110.137.195.148,192.168.100.58,TCP,0,3.56,220,372,308,4816
95,3/15/2024,23:27:45,Video,TikTok,110.137.195.148,192.168.100.58,TCP,2.5,4.49,8,332,16,536.9230769
96,3/15/2024,23:29:06,Video,Youtube,110.137.195.148,192.168.100.58,TCP,0,3.95,36,374,47,1074
97,3/15/2024,23:30:21,Game,Xbox,110.137.195.148,192.168.100.58,TCP,0,4.24,230,19,302,4505
98,3/15/2024,23:31:11,Video,Youtube,110.137.195.148,192.168.100.58,TCP,0,4.71,28,38,44,642
99,3/15/2024,23:33:30,Video,TikTok,110.137.195.148,192.168.100.58,TCP,0,5.94,7,253,30,556
100,3/15/2024,23:37:17,Game,Steam,110.137.195.148,192.168.100.58,TCP,3,4.64,6,254,16,441.443299
101,3/16/2024,12:07:40,Voice,VoIP,108.137.97.103,163.116.193.94,ICMP,56.52,1.02,83.86,19.79,153,64
102,3/16/2024,12:07:51,Voice,VoIP,35.229.206.207,163.116.193.94,ICMP,81.73,7.82,113.81,71.02,20,64
103,3/16/2024,12:11:28,Voice,VoIP,108.137.97.103,163.116.193.94,ICMP,11.21,14.67,68.93,7.66,218,64
104,3/16/2024,12:11:35,Voice,VoIP,104.215.189.26,163.116.193.94,ICMP,0,9.46,33.33,14.15,236,64
105,3/16/2024,12:14:07,Voice,VoIP,35.229.206.207,163.116.193.94,ICMP,5.79,14.46,71.06,9.8,218,64
106,3/16/2024,12:16:53,Voice,VoIP,108.137.97.103,163.116.193.94,ICMP,4.1,15.58,69.41,14.14,148,64
107,3/16/2024,12:16:58,Voice,VoIP,104.215.189.26,163.116.193.94,ICMP,1.63,15.91,24.48,12.92,228,64
108,3/16/2024,12:17:02,Voice,VoIP,35.229.206.207,163.116.193.94,ICMP,4.1,8.28,69.41,14.14,148,64
109,3/16/2024,12:29:09,Voice,VoIP,108.137.97.103,163.116.193.94,ICMP,0.78,14.54,65.14,4.9,19,64
110,3/16/2024,12:29:13,Voice,VoIP,35.229.206.207,163.116.193.94,ICMP,0.78,13.03,65.14,4.9,146,64
111,3/16/2024,12:29:19,Voice,VoIP,104.215.189.26,163.116.193.94,ICMP,0,15.77,22.32,5.03,228,64
112,3/16/2024,12:36:42,Voice,VoIP,35.229.206.207,163.116.193.94,ICMP,0.8,14.46,62.56,2.52,147,64
113,3/16/2024,12:36:50,Voice,VoIP,104.215.189.26,163.116.193.94,ICMP,0,2.69,19.62,3,260,64
114,3/16/2024,12:36:59,Voice,VoIP,108.137.97.103,163.116.193.94,ICMP,0.8,6.61,62.56,2.52,147,64
115,3/16/2024,12:59:15,Voice,VoIP,35.229.206.207,163.116.193.94,ICMP,2.4,10.3,66.51,12.24,152,64
116,3/16/2024,12:59:19,Voice,VoIP,104.215.189.26,163.116.193.94,ICMP,0.79,16.25,23.7,10.08,246,64
117,3/16/2024,12:59:26,Voice,VoIP,108.137.97.103,163.116.193.94,ICMP,2.4,16.06,66.51,12.24,152,64
118,3/16/2024,13:24:33,Voice,VoIP,108.137.97.103,163.116.193.94,ICMP,0,15.28,65.88,5.98,152,64
119,3/16/2024,13:24:38,Voice,VoIP,104.215.189.26,163.116.193.94,ICMP,1.61,16.05,19.9,2.68,245,64
120,3/16/2024,13:24:42,Voice,VoIP,35.229.206.207,163.116.193.94,ICMP,0,7.09,65.88,5.98,152,64
121,3/16/2024,13:31:04,Voice,VoIP,104.215.189.26,163.116.193.94,ICMP,1.65,16.04,21.87,5.36,30,64
122,3/16/2024,13:31:07,Voice,VoIP,35.229.206.207,163.116.193.94,ICMP,0,11.86,67.49,9.76,20,64
123,3/16/2024,13:31:11,Voice,VoIP,108.137.97.103,163.116.193.94,ICMP,0.81,12.71,67.14,8.1,20,64
124,3/16/2024,13:49:43,Voice,VoIP,35.229.206.207,163.116.193.94,ICMP,0.81,14.11,67.94,10.38,20,64
125,3/16/2024,13:49:46,Voice,VoIP,104.215.189.26,163.116.193.94,ICMP,0,15.52,22.31,8.17,243,64
126,3/16/2024,13:49:50,Voice,VoIP,108.137.97.103,163.116.193.94,ICMP,0.81,16.1,67.94,10.38,20,64
127,3/16/2024,13:53:25,Voice,VoIP,108.137.97.103,163.116.193.94,ICMP,5.26,15.98,65.85,7.6,154,64
128,3/16/2024,13:53:29,Voice,VoIP,104.215.189.26,163.116.193.94,ICMP,3.45,12.73,35.31,4.08,31,64
129,3/16/2024,13:53:32,Voice,VoIP,35.229.206.207,163.116.193.94,ICMP,2.56,10.67,62.03,2.81,154,64
130,3/16/2024,14:14:53,Voice,VoIP,104.215.189.26,163.116.193.94,ICMP,0,15.71,20.55,3.05,240,64
131,3/16/2024,14:14:57,Voice,VoIP,35.229.206.207,163.116.193.94,ICMP,0,8.91,63.07,8.63,155,64
132,3/16/2024,14:15:00,Voice,VoIP,108.137.97.103,163.116.193.94,ICMP,0,10.92,63.07,8.63,155,64
133,3/16/2024,17:09:22,Video,Youtube,110.137.195.148,192.168.100.58,TCP,0,1.64,40,50,45,770
134,3/16/2024,17:11:32,Game,Xbox,110.137.195.148,192.168.100.58,TCP,0,1.52,284,34,300,4990
135,3/16/2024,17:14:11,Game,Steam,110.137.195.148,192.168.100.58,TCP,0,2.06,4,349,10,465
136,3/16/2024,17:15:42,Video,TikTok,110.137.195.148,192.168.100.58,TCP,0,2.10,6,50,15,224
137,3/16/2024,17:17:15,Video,Youtube,110.137.195.148,192.168.100.58,TCP,0,1.77,38,347,41,1017
138,3/16/2024,17:18:48,Game,Steam,110.137.195.148,192.168.100.58,TCP,0,1.31,5,252,12,393
139,3/16/2024,17:20:19,Video,TikTok,110.137.195.148,192.168.100.58,TCP,0,2.42,6,348,14,514
140,3/16/2024,17:21:38,Game,Xbox,110.137.195.148,192.168.100.58,TCP,0,1.87,237,349,280,4722
141,3/16/2024,17:22:16,Video,TikTok,110.137.195.148,192.168.100.58,TCP,0,2.37,7,373,15,556
142,3/16/2024,17:24:26,Video,Youtube,110.137.195.148,192.168.100.58,TCP,0,2.03,30,368,43,982
143,3/16/2024,17:26:43,Game,Steam,110.137.195.148,192.168.100.58,TCP,3,2.39,5,370,13,523.4536082
144,3/16/2024,17:27:40,Game,Steam,110.137.195.148,192.168.100.58,TCP,0,2.62,4,368,13,508
145,3/16/2024,17:28:35,Game,Xbox,110.137.195.148,192.168.100.58,TCP,2.7,1.89,229,50,300,4628.434738
146,3/16/2024,17:29:49,Video,TikTok,110.137.195.148,192.168.100.58,TCP,4,1.96,5,369,20,582.3333333
147,3/16/2024,17:30:21,Game,Xbox,110.137.195.148,192.168.100.58,TCP,0,1.89,224,20,293,4380
148,3/16/2024,17:31:37,Video,Youtube,110.137.195.148,192.168.100.58,TCP,1,1.97,36,38,53,793.1919192
149,3/16/2024,17:33:19,Game,Steam,110.137.195.148,192.168.100.58,TCP,0,1.77,5,371,12,512
150,3/16/2024,17:34:23,Video,TikTok,110.137.195.148,192.168.100.58,TCP,0,2.08,8,349,14,533
151,3/16/2024,17:35:27,Game,Xbox,110.137.195.148,192.168.100.58,TCP,3,1.88,239,240,305,4965.597938
152,3/16/2024,17:37:05,Video,Youtube,110.137.195.148,192.168.100.58,TCP,1,1.77,34,36,44,700.3030303
153,3/16/2024,19:26:12,Voice,VoIP,108.137.97.103,163.116.193.94,ICMP,3.33,15.7,72.77,10.38,195,64
154,3/16/2024,19:26:15,Voice,VoIP,35.229.206.207,163.116.193.94,ICMP,3.33,11.1,72.22,10.38,195,64
155,3/16/2024,19:26:19,Voice,VoIP,104.215.189.26,163.116.193.94,ICMP,2.44,4.23,29.58,15.97,283,64
156,3/16/2024,19:42:43,Voice,VoIP,35.229.206.207,163.116.193.94,ICMP,0,8.81,65.18,8.94,156,64
157,3/16/2024,19:42:46,Voice,VoIP,104.215.189.26,163.116.193.94,ICMP,0,16.08,22.28,7.83,243,64
158,3/16/2024,19:42:50,Voice,VoIP,108.137.97.103,163.116.193.94,ICMP,0,15.96,65.18,8.94,156,64
159,3/16/2024,19:56:42,Voice,VoIP,104.215.189.26,163.116.193.94,ICMP,0.83,16.01,19.31,1.85,243,64
160,3/16/2024,19:56:47,Voice,VoIP,108.137.97.103,163.116.193.94,ICMP,0,16.17,61.78,1.98,151,64
161,3/16/2024,19:56:51,Voice,VoIP,35.229.206.207,163.116.193.94,ICMP,0,14.47,61.78,1.98,151,64
162,3/16/2024,20:23:02,Voice,VoIP,108.137.97.103,163.116.193.94,ICMP,0,15.97,62.87,6.72,153,64
163,3/16/2024,20:23:08,Voice,VoIP,35.229.206.207,163.116.193.94,ICMP,0,11.99,62.87,6.72,153,64
164,3/16/2024,20:23:15,Voice,VoIP,104.215.189.26,163.116.193.94,ICMP,0,15.64,20.56,21.56,242,64
165,3/16/2024,20:48:14,Voice,VoIP,35.229.206.207,163.116.193.94,ICMP,0,7.62,62.11,2.72,20,64
166,3/16/2024,20:48:23,Voice,VoIP,104.215.189.26,163.116.193.94,ICMP,0,16.04,19.73,2.46,30,64
167,3/16/2024,20:48:29,Voice,VoIP,108.137.97.103,163.116.193.94,ICMP,0,15.92,62.11,2.72,20,64
168,3/16/2024,20:53:26,Voice,VoIP,104.215.189.26,163.116.193.94,ICMP,0.84,15.63,32.78,15.45,32,64
169,3/16/2024,20:53:29,Voice,VoIP,108.137.97.103,163.116.193.94,ICMP,8.26,15.86,64.35,5.79,20,64
170,3/16/2024,20:53:33,Voice,VoIP,35.229.206.207,163.116.193.94,ICMP,0,14.37,61.66,1.84,156,64
171,3/16/2024,21:07:37,Voice,VoIP,108.137.97.103,163.116.193.94,ICMP,0,16.19,61.32,2.85,20,64
172,3/16/2024,21:07:41,Voice,VoIP,104.215.189.26,163.116.193.94,ICMP,0,5.05,19.63,2.6,30,64
173,3/16/2024,21:07:45,Voice,VoIP,35.229.206.207,163.116.193.94,ICMP,0,14.01,61.32,2.85,181,64
174,3/16/2024,21:36:48,Voice,VoIP,108.137.97.103,163.116.193.94,ICMP,7.76,15.23,106.55,65.53,20,64
175,3/16/2024,21:36:52,Voice,VoIP,35.229.206.207,163.116.193.94,ICMP,7.76,5.62,106.55,65.53,20,64
176,3/16/2024,21:36:58,Voice,VoIP,104.215.189.26,163.116.193.94,ICMP,11.4,9.82,66.55,65.82,252,64
177,3/18/2024,8:51:30,Voice,VoIP,108.137.97.103,163.116.193.94,ICMP,1.61,4.07,39.64,3.67,26,64
178,3/18/2024,8:51:34,Voice,VoIP,35.229.206.207,163.116.193.94,ICMP,2.4,4.23,65.48,8.66,218,64
179,3/18/2024,8:51:37,Voice,VoIP,104.215.189.26,163.116.193.94,ICMP,1.61,4.11,27.11,6.94,25,64
180,3/18/2024,8:54:12,Voice,VoIP,35.229.206.207,163.116.193.94,ICMP,7.26,3.93,65.85,6.58,206,64
181,3/18/2024,8:54:15,Voice,VoIP,104.215.189.26,163.116.193.94,ICMP,6.56,4.34,25.85,6.5,217,64
182,3/18/2024,8:54:21,Voice,VoIP,108.137.97.103,163.116.193.94,ICMP,14.29,4.42,43.37,9.3,218,64
183,3/18/2024,9:43:50,Voice,VoIP,104.215.189.26,163.116.193.94,ICMP,1.61,3.39,24.14,3.18,211,64
184,3/18/2024,9:43:54,Voice,VoIP,108.137.97.103,163.116.193.94,ICMP,1.61,3.67,41.27,6.59,208,64
185,3/18/2024,9:43:59,Voice,VoIP,35.229.206.207,163.116.193.94,ICMP,0.8,3.65,65.27,4.1,218,64
186,3/18/2024,10:22:26,Voice,VoIP,35.229.206.207,163.116.193.94,ICMP,4.55,3.65,67.04,9.03,211,64
187,3/18/2024,10:22:30,Voice,VoIP,108.137.97.103,163.116.193.94,ICMP,0,4.22,44.32,4.01,203,64
188,3/18/2024,10:22:33,Voice,VoIP,104.215.189.26,163.116.193.94,ICMP,0.85,4.10,47.22,20.53,202,64
189,3/18/2024,10:46:02,Voice,VoIP,35.229.206.207,163.116.193.94,ICMP,1.64,4.44,64.59,3.58,26,64
190,3/18/2024,10:46:06,Voice,VoIP,108.137.97.103,163.116.193.94,ICMP,2.42,4.48,38.61,2.4,207,64
191,3/18/2024,10:46:09,Voice,VoIP,104.215.189.26,163.116.193.94,ICMP,0.85,4.16,24.02,3.71,208,64
192,3/18/2024,13:14:22,Voice,VoIP,104.215.189.26,163.116.193.94,ICMP,0,3.76,30.26,21.11,27,64
193,3/18/2024,13:14:28,Voice,VoIP,35.229.206.207,163.116.193.94,ICMP,0,4.17,67.16,9.18,208,64
194,3/18/2024,13:17:54,Voice,VoIP,104.215.189.26,163.116.193.94,ICMP,1.65,2.27,24.22,4.29,214,64
195,3/18/2024,13:17:59,Voice,VoIP,35.229.206.207,163.116.193.94,ICMP,0.81,3.30,66.4,7.57,208,64
196,3/18/2024,13:18:04,Voice,VoIP,108.137.97.103,163.116.193.94,ICMP,7.32,4.08,41.94,6.79,212,64
197,3/18/2024,13:21:31,Voice,VoIP,104.215.189.26,163.116.193.94,ICMP,4.69,4.07,26.45,8.11,27,64
198,3/18/2024,13:26:38,Voice,VoIP,104.215.189.26,163.116.193.94,ICMP,4.1,3.20,37.84,15.95,208,64
199,3/18/2024,13:35:57,Voice,VoIP,104.215.189.26,163.116.193.94,ICMP,0.79,3.87,28.92,6.05,209,64
200,3/18/2024,13:43:06,Voice,VoIP,104.215.189.26,163.116.193.94,ICMP,5.04,2.30,115.85,72.75,202,64
201,3/18/2024,13:47:12,Voice,VoIP,35.229.206.207,163.116.193.94,ICMP,4.24,2.83,86.82,29.69,26,64
202,3/18/2024,13:47:16,Voice,VoIP,108.137.97.103,163.116.193.94,ICMP,4.88,4.02,62.25,24.56,209,64
203,3/18/2024,13:52:05,Voice,VoIP,35.229.206.207,163.116.193.94,ICMP,13.76,2.45,69.11,11.86,207,64
204,3/18/2024,13:52:08,Voice,VoIP,108.137.97.103,163.116.193.94,ICMP,8.87,3.66,49.55,14.2,26,64
205,3/18/2024,13:52:11,Voice,VoIP,104.215.189.26,163.116.193.113,ICMP,7.89,3.2,29.49,11.13,210,64
206,3/18/2024,13:56:45,Voice,VoIP,35.229.206.207,163.116.193.94,ICMP,1.61,1.86,73.53,16.95,206,64
207,3/18/2024,13:56:49,Voice,VoIP,104.215.189.26,163.116.193.113,ICMP,1.64,3.3,33.18,14.57,209,64
208,3/18/2024,13:56:53,Voice,VoIP,108.137.97.103,163.116.193.94,ICMP,14.29,3.23,51.45,18.19,208,64
209,3/18/2024,14:02:18,Voice,VoIP,35.229.206.207,163.116.193.94,ICMP,7.5,2.31,82.05,20.58,205,64
210,3/18/2024,14:02:22,Voice,VoIP,104.215.189.26,163.116.193.113,ICMP,3.23,3.5,38.48,16.59,211,64
211,3/18/2024,14:02:27,Voice,VoIP,108.137.97.103,163.116.193.94,ICMP,12.4,2.86,60.39,26.69,206,64
212,3/18/2024,14:12:49,Voice,VoIP,35.229.206.207,163.116.193.94,ICMP,8.73,1.75,81.99,24.7,213,64
213,3/18/2024,14:12:53,Voice,VoIP,104.215.189.26,163.116.193.113,ICMP,5.79,3.3,40.86,17.98,212,64
214,3/18/2024,14:12:59,Voice,VoIP,108.137.97.103,163.116.193.94,ICMP,4.96,3.72,49.78,15.84,214,64
215,3/18/2024,14:22:29,Voice,VoIP,108.137.97.103,163.116.193.94,ICMP,3.23,2.90,45.83,13.3,26,64
216,3/18/2024,14:22:35,Voice,VoIP,104.215.189.26,163.116.193.113,ICMP,3.25,3.9,26.03,11.17,210,64
217,3/18/2024,14:55:41,Voice,VoIP,108.137.97.103,163.116.193.113,ICMP,4.96,3.26,46.35,12.71,200,64
218,3/18/2024,14:55:53,Voice,VoIP,104.215.189.26,163.116.193.113,ICMP,4.13,4,28.93,11.09,210,64
219,3/18/2024,15:19:33,Voice,VoIP,108.137.97.103,163.116.193.113,ICMP,3.28,4.09,40.73,8.2,209,64
220,3/18/2024,15:19:43,Voice,VoIP,104.215.189.26,163.116.193.113,ICMP,2.46,4.2,25.45,6.44,209,64
221,3/18/2024,15:37:10,Voice,VoIP,108.137.97.103,163.116.193.113,ICMP,0.84,4.21,41.45,6.42,205,64
222,3/19/2024,9:47:49,Voice,VoIP,104.215.189.26,163.116.193.113,ICMP,0.79,27.5,72.83,11.19,266,64
223,3/19/2024,9:47:54,Voice,VoIP,108.137.97.103,163.116.193.113,ICMP,0,17.24,63.1,15.45,252,64
224,3/19/2024,10:09:45,Voice,VoIP,104.215.189.26,163.116.193.113,ICMP,0,24.2,73.51,18.83,253,64
225,3/19/2024,10:09:55,Voice,VoIP,108.137.97.103,163.116.193.113,ICMP,0,21.54,60.29,17.81,253,64
226,3/19/2024,10:34:56,Voice,VoIP,104.215.189.26,163.116.193.113,ICMP,0,27.5,74.89,16.7,353,64
227,3/19/2024,10:35:06,Voice,VoIP,108.137.97.103,163.116.193.113,ICMP,0,26.45,80.62,21.9,257,64
228,3/19/2024,10:54:41,Voice,VoIP,104.215.189.26,163.116.193.113,ICMP,4.13,1.8,47.18,35.65,207,64
229,3/19/2024,10:54:45,Voice,VoIP,108.137.97.103,163.116.193.113,ICMP,4.13,3.72,72.48,43.56,206,64
230,3/19/2024,11:16:09,Voice,VoIP,104.215.189.26,163.116.193.113,ICMP,6.72,3.7,26.07,6.52,208,64
231,3/19/2024,11:16:14,Voice,VoIP,108.137.97.103,163.116.193.113,ICMP,8.33,4.37,42.47,7.06,213,64
232,3/19/2024,11:47:44,Voice,VoIP,108.137.97.103,163.116.193.113,ICMP,5.74,3.37,41.4,9.54,205,64
233,3/19/2024,11:47:48,Voice,VoIP,104.215.189.26,163.116.193.113,ICMP,4.03,4,25.48,7.59,207,64
234,3/19/2024,12:14:28,Voice,VoIP,108.137.97.103,163.116.193.113,ICMP,3.42,4.11,39.03,5.57,218,64
235,3/19/2024,12:14:48,Voice,VoIP,104.215.189.26,163.116.193.113,ICMP,3.45,4.4,23.15,3.97,218,64
236,3/19/2024,12:19:13,Voice,VoIP,108.137.97.103,163.116.193.113,ICMP,16.24,4.43,39.46,6.08,205,64
237,3/19/2024,12:19:22,Voice,VoIP,104.215.189.26,163.116.193.113,ICMP,14.16,4.2,22.95,3.67,203,64
238,3/19/2024,12:41:31,Voice,VoIP,104.215.189.26,163.116.193.113,ICMP,2.5,3.6,25.77,6.32,206,64
239,3/19/2024,12:41:39,Voice,VoIP,108.137.97.103,163.116.193.113,ICMP,6.9,4.32,40.34,6.82,202,64
240,3/19/2024,12:51:23,Voice,VoIP,104.215.189.26,163.116.193.113,ICMP,6.45,3.9,24.05,5.27,204,64
241,3/19/2024,12:51:27,Voice,VoIP,108.137.97.103,163.116.193.113,ICMP,6.84,4.29,41.98,4.1,222,64
242,3/19/2024,13:07:48,Voice,VoIP,104.215.189.26,163.116.193.113,ICMP,2.44,3.8,26.15,6.95,206,64
243,3/19/2024,13:07:52,Voice,VoIP,108.137.97.103,163.116.193.113,ICMP,3.33,3.92,41.32,5.87,203,64
244,3/19/2024,13:21:14,Voice,VoIP,104.215.189.26,163.116.193.113,ICMP,8.55,3.2,28.45,11.14,202,64
245,3/19/2024,13:21:18,Voice,VoIP,108.137.97.103,163.116.193.113,ICMP,5,3.77,43.43,7.24,202,64
246,3/19/2024,13:32:30,Voice,VoIP,108.137.97.103,163.116.193.113,ICMP,4.35,3.6,44.37,13.32,205,64
247,3/19/2024,13:32:34,Voice,VoIP,104.215.189.26,163.116.193.113,ICMP,4.35,3.9,28.67,9.95,205,64
248,3/19/2024,13:38:14,Voice,VoIP,108.137.97.103,163.116.193.113,ICMP,11.48,3.98,43.35,9.17,205,64
249,3/19/2024,13:38:16,Voice,VoIP,104.215.189.26,163.116.193.113,ICMP,9.24,4.2,27.95,8.63,205,64
250,3/19/2024,13:44:25,Voice,VoIP,108.137.97.103,163.116.193.113,ICMP,5.08,4.14,39.72,4.42,198,64
251,3/19/2024,13:44:29,Voice,VoIP,104.215.189.26,163.116.193.113,ICMP,8.7,3.9,24.23,3.91,199,64
252,3/19/2024,13:49:13,Voice,VoIP,104.215.189.26,163.116.193.113,ICMP,12.39,4,48.53,2.29,206,64
253,3/19/2024,13:49:18,Voice,VoIP,108.137.97.103,163.116.193.113,ICMP,9.26,4.11,48.79,2.13,205,64
254,3/19/2024,14:23:45,Voice,VoIP,104.215.189.26,163.116.193.113,ICMP,4.92,3.1,24.25,9.76,210,64
255,3/19/2024,14:23:49,Voice,VoIP,108.137.97.103,163.116.193.113,ICMP,4.13,3.7,42.44,7.59,247,64
256,3/19/2024,14:28:49,Voice,VoIP,104.215.189.26,163.116.193.113,ICMP,0.81,3.8,26.64,6.7,209,64
257,3/19/2024,14:28:52,Voice,VoIP,108.137.97.103,163.116.193.113,ICMP,3.31,3.87,42.24,7.46,195,64
258,3/19/2024,14:51:09,Voice,VoIP,104.215.189.26,163.116.193.113,ICMP,5.88,4.1,26.81,8.5,202,64
259,3/19/2024,14:51:14,Voice,VoIP,108.137.97.103,163.116.193.113,ICMP,7.2,4.08,42.99,9.52,204,64
260,3/19/2024,15:07:15,Voice,VoIP,104.215.189.26,163.116.193.113,ICMP,11.3,4,25.86,6.8,203,64
261,3/19/2024,15:07:19,Voice,VoIP,108.137.97.103,163.116.193.113,ICMP,13.91,3.95,40.97,7.87,203,64
262,3/19/2024,15:19:45,Voice,VoIP,104.215.189.26,163.116.193.113,ICMP,0.81,3.9,26.89,5.32,206,64
263,3/19/2024,15:19:50,Voice,VoIP,108.137.97.103,163.116.193.113,ICMP,0.8,4.42,42.82,4.83,206,64
264,3/19/2024,15:33:29,Voice,VoIP,104.215.189.26,163.116.193.113,ICMP,4.1,4.3,22.84,3.03,209,64
265,3/19/2024,15:33:32,Voice,VoIP,108.137.97.103,163.116.193.113,ICMP,5.83,4.42,38.66,3.97,210,64
266,3/19/2024,17:09:24,Voice,VoIP,104.215.189.26,163.116.193.113,ICMP,8.62,3.6,25.05,12.52,364,64
267,3/19/2024,17:09:27,Voice,VoIP,108.137.97.103,163.116.193.113,ICMP,0,15.04,7.56,2.02,346,64
268,3/19/2024,17:44:16,Voice,VoIP,104.215.189.26,163.116.193.113,ICMP,0,14.4,47.94,16.86,277,64
269,3/19/2024,17:44:19,Voice,VoIP,108.137.97.103,163.116.193.113,ICMP,0,8.42,12.89,10.39,192,64
270,3/19/2024,19:03:41,Voice,VoIP,104.215.189.26,163.116.193.113,ICMP,0,15.9,21.61,5.55,266,64
271,3/19/2024,19:03:45,Voice,VoIP,108.137.97.103,163.116.193.113,ICMP,0,6.42,12.94,9.67,214,64
272,3/19/2024,19:13:32,Voice,VoIP,104.215.189.26,163.116.193.113,ICMP,2.63,15.5,46.28,12.98,245,64
273,3/19/2024,19:13:45,Voice,VoIP,108.137.97.103,163.116.193.113,ICMP,2.61,15.45,7.79,2.76,195,64
274,3/20/2024,1:30:19,Video,YouTube,180.244.128.30,192.168.0.112,TCP,0,1.501056338,22,42,49,632
275,3/20/2024,2:31:23,Video,YouTube,180.244.128.30,192.168.0.112,TCP,0,2.728544776,22,50,45,608
276,3/20/2024,2:32:44,Video,YouTube,180.244.128.30,192.168.0.112,TCP,0,0.5779661017,22,48,31,1958
277,3/20/2024,2:33:15,Video,YouTube,180.244.128.30,192.168.0.112,TCP,0,0.6483050847,22,50,40,1960
278,3/20/2024,2:34:20,Video,YouTube,180.244.128.30,192.168.0.112,TCP,0,0.3863924051,23,48,33,1967
279,3/20/2024,2:35:17,Video,YouTube,180.244.128.30,192.168.0.112,TCP,0,0.4527659574,21,49,32,1950
280,3/20/2024,2:36:27,Video,YouTube,180.244.128.30,192.168.0.112,TCP,0,0.7619173729,22,50,35,1960
281,3/20/2024,2:37:49,Video,YouTube,180.244.128.30,192.168.0.112,TCP,0,0.7322033898,22,49,36,1959
282,3/20/2024,2:38:10,Video,YouTube,180.244.128.30,192.168.0.112,TCP,0,0.5477320675,23,48,31,1967
283,3/20/2024,2:38:50,Video,YouTube,180.244.128.30,192.168.0.112,TCP,1.5,0.6782895479,21,50,33,1953.824236
284,3/20/2024,2:39:03,Video,YouTube,180.244.128.30,192.168.0.112,TCP,0,0.6034188034,20,50,32,1942
285,3/20/2024,2:40:32,Video,YouTube,180.244.128.30,192.168.0.112,TCP,0,0.8305851064,21,50,45,1951
286,3/20/2024,2:40:53,Video,YouTube,180.244.128.30,192.168.0.112,TCP,0,0.6368670886,23,47,35,1966
287,3/20/2024,2:41:15,Video,YouTube,180.244.128.30,192.168.0.112,TCP,2,0.2880303797,23,50,32,1972.799599
288,3/20/2024,2:42:18,Video,YouTube,180.244.128.30,192.168.0.112,TCP,0,0.6455696203,23,46,36,1965
289,3/20/2024,2:48:08,Video,YouTube,180.244.128.30,192.168.0.112,TCP,0,0.3173553719,28,47,32,2011
290,3/20/2024,2:50:31,Video,YouTube,180.244.128.30,192.168.0.112,TCP,0,0.415,26,52,32,1998
291,3/20/2024,2:51:21,Video,YouTube,180.244.128.30,192.168.0.112,TCP,0,0.2393617021,21,50,30,1951
292,3/20/2024,2:52:10,Video,YouTube,180.244.128.30,192.168.0.112,TCP,0,0.7042553191,21,51,40,1952
293,3/20/2024,2:52:55,Video,YouTube,180.244.128.30,192.168.0.112,TCP,0,0.5167553191,21,49,29,1950
294,3/20/2024,2:53:22,Video,YouTube,180.244.128.30,192.168.0.112,TCP,0,0.7910638298,21,48,44,1949
295,3/20/2024,2:54:19,Video,YouTube,180.244.128.30,192.168.0.112,TCP,0,0.6069915254,22,51,30,1961
296,3/20/2024,2:54:48,Video,YouTube,180.244.128.30,192.168.0.112,TCP,0,0.6763020833,26,50,35,1996
297,3/20/2024,2:55:43,Video,YouTube,180.244.128.30,192.168.0.112,TCP,0,0.7138771186,22,48,46,1958
298,3/20/2024,2:56:03,Video,YouTube,180.244.128.30,192.168.0.112,TCP,0,0.7349468085,21,48,41,1949
299,3/20/2024,2:57:19,Video,YouTube,180.244.128.30,192.168.0.112,TCP,0,0.5918067227,24,50,36,1978
300,3/20/2024,2:57:55,Video,YouTube,180.244.128.30,192.168.0.112,TCP,0,0.485106383,21,49,32,1950
301,3/20/2024,2:58:47,Video,YouTube,180.244.128.30,192.168.0.112,TCP,0,0.5242553191,21,48,32,1949
302,3/20/2024,2:59:53,Video,YouTube,180.244.128.30,192.168.0.112,TCP,0,0.3953256303,24,38,39,1966
303,3/20/2024,3:01:04,Video,YouTube,180.244.128.30,192.168.0.112,TCP,0,0.2575949367,23,53,33,1972
304,3/20/2024,3:02:39,Video,YouTube,180.244.128.30,192.168.0.112,TCP,0,0.3950207469,27,44,32,1999
305,3/20/2024,3:02:56,Video,YouTube,180.244.128.30,192.168.0.112,TCP,0,0.2345338983,22,49,41,1959
306,3/20/2024,3:03:16,Video,YouTube,180.244.128.30,192.168.0.112,TCP,0,0.5224576271,22,44,36,1954
307,3/20/2024,3:04:19,Video,YouTube,180.244.128.30,192.168.0.112,TCP,0,0.5991489362,21,48,32,1949
308,3/20/2024,3:04:55,Video,YouTube,180.244.128.30,192.168.0.112,TCP,0,0.5195121951,32,49,36,2049
309,3/20/2024,3:05:28,Video,YouTube,180.244.128.30,192.168.0.112,TCP,0,0.5982978723,21,50,38,1951
310,3/20/2024,3:06:11,Video,YouTube,180.244.128.30,192.168.0.112,TCP,0,0.564565678,22,50,33,1960
311,3/20/2024,3:07:06,Video,YouTube,180.244.128.30,192.168.0.112,TCP,0,0.5444620253,23,50,31,1969
312,3/20/2024,3:07:54,Video,YouTube,180.244.128.30,192.168.0.112,TCP,0,0.7708333333,20,48,39,1940
313,3/20/2024,3:08:11,Video,YouTube,180.244.128.30,192.168.0.112,TCP,0,0.5616326531,31,50,32,2041
314,3/20/2024,3:09:08,Video,YouTube,180.244.128.30,192.168.0.112,TCP,0,0.6497933884,28,50,34,2014
315,3/20/2024,3:09:56,Video,YouTube,180.244.128.30,192.168.0.112,TCP,0,0.6807098765,29,48,33,2021
316,3/20/2024,3:10:17,Video,YouTube,180.244.128.30,192.168.0.112,TCP,0,0.5585443038,23,49,30,1968
317,3/20/2024,3:11:28,Video,YouTube,180.244.128.30,192.168.0.112,TCP,0,0.4412289916,24,48,31,1976
318,3/20/2024,3:12:26,Video,YouTube,180.244.128.30,192.168.0.112,TCP,0,0.5893229167,26,47,31,1993
319,3/20/2024,3:12:58,Video,YouTube,180.244.128.30,192.168.0.112,TCP,0,0.6108122363,23,49,37,1968
320,3/20/2024,3:13:36,Video,YouTube,180.244.128.30,192.168.0.112,TCP,0,0.5096991701,27,47,31,2002
321,3/20/2024,3:14:04,Video,YouTube,180.244.128.30,192.168.0.112,TCP,0,0.5865546218,24,51,32,1979
322,3/20/2024,3:29:32,Video,YouTube,180.244.128.30,192.168.0.112,TCP,0,0.6359832636,25,45,32,1982
323,3/20/2024,3:30:27,Video,YouTube,180.244.128.30,192.168.0.112,TCP,0,0.4265756303,24,56,31,1984
324,3/20/2024,3:31:19,Video,YouTube,180.244.128.30,192.168.0.112,TCP,0,0.5833333333,23,49,28,1968
325,3/20/2024,3:31:58,Video,YouTube,180.244.128.30,192.168.0.112,TCP,0,0.5862869198,23,51,28,1970
326,3/20/2024,3:32:27,Video,YouTube,180.244.128.30,192.168.0.112,TCP,0,0.531197479,24,48,26,1976
327,3/20/2024,3:33:31,Video,YouTube,180.244.128.30,192.168.0.112,TCP,0,0.5175420168,24,50,26,1978
328,3/20/2024,3:34:18,Video,YouTube,180.244.128.30,192.168.0.112,TCP,0,0.6288702929,25,49,36,1986
329,3/20/2024,3:34:57,Video,YouTube,180.244.128.30,192.168.0.112,TCP,0,0.4745762712,22,49,28,1959
330,3/20/2024,3:35:27,Video,YouTube,180.244.128.30,192.168.0.112,TCP,0,0.6025104603,25,49,30,1986
331,3/20/2024,3:35:59,Video,YouTube,180.244.128.30,192.168.0.112,TCP,0,0.5016877637,23,46,29,1965
332,3/20/2024,3:36:25,Video,YouTube,180.244.128.30,192.168.0.112,TCP,0,0.6164029536,23,51,29,1970
333,3/20/2024,3:37:29,Video,YouTube,180.244.128.30,192.168.0.112,TCP,0,0.8699579832,24,49,41,1977
334,3/20/2024,3:38:40,Video,YouTube,180.244.128.30,192.168.0.112,TCP,3,0.5432707458,24,49,25,1982.729188
335,3/20/2024,3:39:19,Video,YouTube,180.244.128.30,192.168.0.112,TCP,0,0.6458333333,26,48,31,1994
336,3/20/2024,3:40:23,Video,YouTube,180.244.128.30,192.168.0.112,TCP,0,0.3855371901,28,50,24,2014
337,3/20/2024,3:41:19,Video,YouTube,180.244.128.30,192.168.0.112,TCP,0,0.4461864407,22,48,24,1958
338,3/20/2024,3:41:57,Video,YouTube,180.244.128.30,192.168.0.112,TCP,0,0.5635504202,24,49,29,1977
339,3/20/2024,3:42:31,Video,YouTube,180.244.128.30,192.168.0.112,TCP,0,0.5330882353,24,49,35,1977
340,3/20/2024,3:43:27,Video,YouTube,180.244.128.30,192.168.0.112,TCP,0,0.4962025316,23,50,28,1969
341,3/20/2024,3:44:49,Video,YouTube,180.244.128.30,192.168.0.112,TCP,0,0.9075630252,24,46,45,1974
342,3/20/2024,3:45:24,Video,YouTube,180.244.128.30,192.168.0.112,TCP,0,0.751371308,23,47,34,1966
343,3/20/2024,3:46:29,Video,YouTube,180.244.128.30,192.168.0.112,TCP,0,0.6678571429,24,49,34,1977
344,3/20/2024,8:11:45,Voice,VoIP,104.215.189.26,163.116.193.113,ICMP,0,34.6,60.96,11.39,150,64
345,3/20/2024,12:30:04,Video,YouTube,180.253.248.223,192.168.1.51,TCP,0,1.566322314,28,252,42,2216
346,3/20/2024,12:32:10,Video,YouTube,180.253.248.223,192.168.1.51,TCP,3,1.230360313,26,31,33,1982.777332
347,3/20/2024,12:35:17,Video,YouTube,180.253.248.223,192.168.1.51,TCP,0,1.121008403,24,340,32,2268
348,3/20/2024,12:36:18,Video,YouTube,180.253.248.223,192.168.1.51,TCP,0,1.242991632,25,361,34,2298
349,3/20/2024,12:36:58,Video,YouTube,180.253.248.223,192.168.1.51,TCP,0,1.057142857,24,185,32,2113
350,3/20/2024,12:37:21,Video,YouTube,180.253.248.223,192.168.1.51,TCP,0,1.198319328,24,4,32,1932
351,3/20/2024,12:38:11,Video,YouTube,180.253.248.223,192.168.1.51,TCP,0,1.154621849,24,3,32,1931
352,3/20/2024,12:39:19,Video,YouTube,180.253.248.223,192.168.1.51,TCP,0,1.253230932,22,342,33,2252
353,3/20/2024,12:42:28,Video,YouTube,180.253.248.223,192.168.1.51,TCP,0,0.8967741935,34,3,32,2021
354,3/20/2024,12:46:24,Video,YouTube,180.253.248.223,192.168.1.51,TCP,0,1.139748954,25,341,32,2278
355,3/20/2024,12:47:32,Video,YouTube,180.253.248.223,192.168.1.51,TCP,0,1.136035565,25,8,29,1945
356,3/20/2024,12:49:18,Video,YouTube,180.253.248.223,192.168.1.51,TCP,0,1.121590909,28,17,33,1981
357,3/20/2024,12:49:57,Video,YouTube,180.253.248.223,192.168.1.51,TCP,0,0.8940871369,27,342,34,2297
358,3/20/2024,12:50:12,Video,YouTube,180.253.248.223,192.168.1.51,TCP,0,1.265,26,7,33,1953
359,3/20/2024,12:51:22,Video,YouTube,180.253.248.223,192.168.1.51,TCP,0,0.9989495798,24,173,30,2101
360,3/20/2024,12:51:55,Video,YouTube,180.253.248.223,192.168.1.51,TCP,0,1.153333333,26,17,32,1963
361,3/20/2024,12:52:15,Video,YouTube,180.253.248.223,192.168.1.51,TCP,0,1.556485356,25,44,32,1981
362,3/20/2024,12:53:27,Video,YouTube,180.253.248.223,192.168.1.51,TCP,0,4.015884477,63,58,103,2337
363,3/20/2024,12:54:12,Video,YouTube,180.253.248.223,192.168.1.51,TCP,0,2.262783019,51,186,49,2357
364,3/20/2024,12:54:56,Video,YouTube,180.253.248.223,192.168.1.51,TCP,0,1.779569328,24,10,31,1938
365,3/20/2024,12:55:48,Video,YouTube,180.253.248.223,192.168.1.51,TCP,0,1.39958159,25,40,30,1977
366,3/20/2024,12:56:13,Video,YouTube,180.253.248.223,192.168.1.51,TCP,0,4.103842756,69,2,91,2335
367,3/20/2024,12:56:56,Video,YouTube,180.253.248.223,192.168.1.51,TCP,0,2.553012048,35,17,52,2044
368,3/20/2024,12:57:13,Video,TiktTok,180.253.248.223,192.168.1.51,TCP,3,0.7221573661,10,4,20,1811.392177
369,3/20/2024,12:59:16,Video,TiktTok,180.253.248.223,192.168.1.51,TCP,0,0.7188888889,11,341,20,2152
370,3/20/2024,13:00:04,Video,TiktTok,180.253.248.223,192.168.1.51,TCP,0,1.872509225,57,12,68,2237
371,3/20/2024,13:01:02,Video,TiktTok,180.253.248.223,192.168.1.51,TCP,0,0.6294642857,10,1,20,1803
372,3/20/2024,13:02:17,Video,TiktTok,180.253.248.223,192.168.1.51,TCP,0,0.5365638767,13,4,21,1833
373,3/20/2024,13:03:07,Video,TiktTok,180.253.248.223,192.168.1.51,TCP,0,0.387,11,3,18,1814
374,3/20/2024,13:04:12,Video,TiktTok,180.253.248.223,192.168.1.51,TCP,0,0.6348684211,14,34,20,1872
375,3/20/2024,13:04:51,Video,TiktTok,180.253.248.223,192.168.1.51,TCP,0,0.7388888889,11,38,20,1849
376,3/20/2024,13:05:11,Video,TiktTok,180.253.248.223,192.168.1.51,TCP,0,1.521186441,22,356,40,2266
377,3/20/2024,13:06:17,Video,TiktTok,180.253.248.223,192.168.1.51,TCP,0,1.047844828,18,35,26,1909
378,3/20/2024,13:07:21,Video,TiktTok,180.253.248.223,192.168.1.51,TCP,0,1.045353982,12,36,28,1856
379,3/20/2024,13:08:38,Video,TiktTok,180.253.248.223,192.168.1.51,TCP,0,1.118027888,37,36,50,2081
380,3/20/2024,13:09:19,Video,TiktTok,180.253.248.223,192.168.1.51,TCP,0,0.7568333333,11,34,19,1845
381,3/20/2024,13:10:24,Video,TiktTok,180.253.248.223,192.168.1.51,TCP,0,1.685891544,58,35,55,2269
382,3/20/2024,13:10:58,Video,TiktTok,180.253.248.223,192.168.1.51,TCP,0,0.5827433628,12,36,24,1856
383,3/20/2024,13:11:25,Video,TiktTok,180.253.248.223,192.168.1.51,TCP,0,0.5678571429,10,37,16,1839
384,3/20/2024,13:12:59,Video,TiktTok,180.253.248.223,192.168.1.51,TCP,0,0.4644444444,11,50,19,1861
385,3/20/2024,13:13:12,Video,TiktTok,180.253.248.223,192.168.1.51,TCP,0,1.448854962,48,62,52,2206
386,3/20/2024,13:14:18,Video,TiktTok,180.253.248.223,192.168.1.51,TCP,0,1.758736059,55,38,57,2245
387,3/20/2024,13:15:03,Video,TiktTok,180.253.248.223,192.168.1.51,TCP,0,0.4757743363,12,40,17,1860
388,3/20/2024,13:16:17,Video,TiktTok,180.253.248.223,192.168.1.51,TCP,0,0.634,11,343,18,2154
389,3/20/2024,13:17:07,Video,TiktTok,180.253.248.223,192.168.1.51,TCP,0,0.4936393805,12,49,17,1869
390,3/20/2024,13:17:54,Video,TiktTok,180.253.248.223,192.168.1.51,TCP,0,0.6376681614,9,10,18,1803
391,3/20/2024,13:18:02,Video,TiktTok,180.253.248.223,192.168.1.51,TCP,0,0.5275862069,18,3,18,1877
392,3/20/2024,13:19:44,Video,TiktTok,180.253.248.223,192.168.1.51,TCP,0,0.4268973214,10,2,18,1804
393,3/20/2024,13:20:17,Video,TiktTok,180.253.248.223,192.168.1.51,TCP,0,0.7503348214,10,340,18,2142
394,3/20/2024,13:21:09,Video,TiktTok,180.253.248.223,192.168.1.51,TCP,0,0.6998333333,11,5,17,1816
395,3/20/2024,13:21:52,Video,TiktTok,180.253.248.223,192.168.1.51,TCP,0,0.6732142857,10,4,16,1806
396,3/20/2024,13:22:21,Video,TiktTok,180.253.248.223,192.168.1.51,TCP,0,1.451059322,22,7,36,1917
397,3/20/2024,13:23:18,Video,TiktTok,180.253.248.223,192.168.1.51,TCP,0,0.625862069,18,20,16,1894
398,3/20/2024,13:23:56,Video,TiktTok,180.253.248.223,192.168.1.51,TCP,0,0.5243478261,16,17,18,1873
399,3/20/2024,13:24:27,Video,TiktTok,180.253.248.223,192.168.1.51,TCP,3,0.6967971239,12,3,18,1828.440321
400,3/20/2024,13:25:21,Video,TiktTok,180.253.248.223,192.168.1.51,TCP,0,0.402,11,7,18,1818
401,3/20/2024,13:27:11,Video,TiktTok,180.253.248.223,192.168.1.51,TCP,0,0.6796460177,12,2,16,1822
402,3/20/2024,13:27:52,Video,TiktTok,180.253.248.223,192.168.1.51,TCP,0,0.84030837,13,27,20,1856
403,3/20/2024,13:28:02,Video,TiktTok,180.253.248.223,192.168.1.51,TCP,0,0.9318965517,18,29,23,1903
404,3/20/2024,13:28:58,Video,TiktTok,180.253.248.223,192.168.1.51,TCP,0,0.78930131,15,35,20,1882
405,3/20/2024,13:29:34,Video,TiktTok,180.253.248.223,192.168.1.51,TCP,0,0.7301762115,13,36,20,1865
406,3/20/2024,13:30:15,Video,TiktTok,180.253.248.223,192.168.1.51,TCP,0,0.8495575221,12,40,20,1860
407,3/20/2024,13:31:39,Video,TiktTok,180.253.248.223,192.168.1.51,TCP,0,0.7671806167,13,35,18,1864
408,3/20/2024,13:32:25,Video,TiktTok,180.253.248.223,192.168.1.51,TCP,0,0.8827731092,24,205,22,2133
409,3/20/2024,13:32:59,Video,TiktTok,180.253.248.223,192.168.1.51,TCP,0,0.8242358079,15,39,20,1886
410,3/20/2024,13:33:13,Video,TiktTok,180.253.248.223,192.168.1.51,TCP,0,1.140909091,17,36,28,1901
411,3/20/2024,13:35:19,Video,TiktTok,180.253.248.223,192.168.1.51,TCP,0,0.660472973,8,35,17,1819
412,3/20/2024,13:36:10,Video,TiktTok,180.253.248.223,192.168.1.51,TCP,0,0.7896995708,19,36,20,1919
413,3/20/2024,13:36:57,Video,TiktTok,180.253.248.223,192.168.1.51,TCP,0,0.8058035714,10,35,19,1837
414,3/20/2024,13:37:29,Video,TiktTok,180.253.248.223,192.168.1.51,TCP,0,0.8002183406,15,39,20,1886
415,3/20/2024,13:38:23,Video,TiktTok,180.253.248.223,192.168.1.51,TCP,0,0.5453539823,12,34,20,1854
416,3/20/2024,13:39:29,Video,TiktTok,180.253.248.223,192.168.1.51,TCP,0,0.72,11,36,20,1847
417,3/20/2024,13:39:57,Video,TiktTok,180.253.248.223,192.168.1.51,TCP,3,1.622369205,47,36,61,2177.282849
418,3/20/2024,13:49:21,Game,Xbox,180.253.248.223,192.168.1.51,TCP,0,3.502430556,110,176,131,2878
419,3/20/2024,13:50:13,Game,Xbox,180.253.248.223,192.168.1.51,TCP,0,4.033536585,114,52,144,2790
420,3/20/2024,13:50:54,Game,Xbox,180.253.248.223,192.168.1.51,TCP,0,4.762850467,107,33,162,2708
421,3/20/2024,13:51:32,Game,Xbox,180.253.248.223,192.168.1.51,TCP,10,2.823723054,120,22,146,2840.989899
422,3/20/2024,13:53:21,Game,Xbox,180.253.248.223,192.168.1.51,TCP,0,2.723769231,111,5,111,2716
423,3/20/2024,13:57:03,Game,Xbox,180.253.248.223,192.168.1.51,TCP,0,2.284662577,112,17,112,2737
424,3/20/2024,13:57:59,Game,Xbox,180.253.248.223,192.168.1.51,TCP,0,2.923056402,114,7,111,2745
425,3/20/2024,13:58:04,Game,Xbox,180.253.248.223,192.168.1.51,TCP,0,2.588923077,111,1,112,2712
426,3/20/2024,13:59:07,Game,Xbox,180.253.248.223,192.168.1.51,TCP,0,2.908024691,110,172,112,2874
427,3/20/2024,14:01:23,Game,Xbox,180.253.248.223,192.168.1.51,TCP,0,3.365443425,113,21,124,2750
428,3/20/2024,14:02:24,Game,Xbox,180.253.248.223,192.168.1.51,TCP,0,1.774380805,109,343,131,3036
429,3/20/2024,14:02:51,Game,Xbox,180.253.248.223,192.168.1.51,TCP,0,1.755882353,109,43,114,2736
430,3/20/2024,14:03:19,Game,Xbox,180.253.248.223,192.168.1.51,TCP,0,1.416176471,109,32,114,2725
431,3/20/2024,14:04:25,Game,Xbox,180.253.248.223,192.168.1.51,TCP,0,1.764076923,111,355,142,3066
432,3/20/2024,14:06:13,Game,Xbox,180.253.248.223,192.168.1.51,TCP,0,1.375385802,110,29,115,2731
433,3/20/2024,14:06:55,Game,Xbox,180.253.248.223,192.168.1.51,TCP,0,3.744891641,109,22,144,2715
434,3/20/2024,14:07:32,Game,Xbox,180.253.248.223,192.168.1.51,TCP,0,3.01091954,134,253,124,3171
435,3/20/2024,14:08:31,Game,Xbox,180.253.248.223,192.168.1.51,TCP,0,2.730275229,113,25,144,2754
436,3/20/2024,14:09:21,Game,Xbox,180.253.248.223,192.168.1.51,TCP,3,3.450597721,148,44,195,3096.714142
437,3/20/2024,14:10:11,Game,Xbox,180.253.248.223,192.168.1.51,TCP,0,5.724077869,152,308,161,3388
438,3/20/2024,14:11:03,Game,Xbox,180.253.248.223,192.168.1.51,TCP,0,5.094863014,151,81,145,3152
439,3/20/2024,14:20:21,Game,Xbox,180.253.248.223,192.168.1.51,TCP,3,6.836659077,111,45,176,2763.82347
440,3/20/2024,14:48:02,Game,Xbox,180.253.248.223,192.168.1.51,TCP,0,3.706192661,113,23,113,2752
441,3/20/2024,14:49:19,Game,Xbox,180.253.248.223,192.168.1.51,TCP,0,4.178395062,110,41,112,2743
442,3/20/2024,14:49:55,Game,Xbox,180.253.248.223,192.168.1.51,TCP,0,4.264814815,110,16,112,2718
443,3/20/2024,14:50:21,Game,Xbox,180.253.248.223,192.168.1.51,TCP,0,4.506153251,109,2,111,2695
444,3/20/2024,14:51:24,Game,Xbox,180.253.248.223,192.168.1.51,TCP,0,4.350925926,110,6,111,2708
445,3/20/2024,14:51:53,Game,Xbox,180.253.248.223,192.168.1.51,TCP,0,4.338078704,110,18,111,2720
446,3/20/2024,14:53:21,Game,Xbox,180.253.248.223,192.168.1.51,TCP,0,4.211854103,115,40,124,2787
447,3/20/2024,14:53:58,Game,Xbox,180.253.248.223,192.168.1.51,TCP,0,3.661458333,110,21,111,2723
448,3/20/2024,14:54:17,Game,Xbox,180.253.248.223,192.168.1.51,TCP,0,4.083409091,116,347,113,3103
449,3/20/2024,14:55:25,Game,Xbox,180.253.248.223,192.168.1.51,TCP,0,5.495845921,117,25,135,2790
450,3/20/2024,14:56:32,Game,Xbox,180.253.248.223,192.168.1.51,TCP,0,3.855038462,111,12,113,2723
451,3/20/2024,14:56:59,Game,Xbox,180.253.248.223,192.168.1.51,TCP,0,4.644740854,114,36,111,2774
452,3/20/2024,14:57:48,Game,Xbox,180.253.248.223,192.168.1.51,TCP,3,6.072219325,112,3,152,2730.847543
453,3/20/2024,14:58:50,Game,Xbox,180.253.248.223,192.168.1.51,TCP,0,5.804580745,108,17,142,2701
454,3/20/2024,15:00:32,Game,Xbox,180.253.248.223,192.168.1.51,TCP,0,4.913246269,121,6,115,2807
455,3/20/2024,15:01:20,Game,Xbox,180.253.248.223,192.168.1.51,TCP,0,5.348653846,111,349,127,3060
456,3/20/2024,15:02:04,Game,Xbox,180.253.248.223,192.168.1.51,TCP,0,4.242682927,114,42,112,2780
457,3/20/2024,15:03:52,Game,Xbox,180.253.248.223,192.168.1.51,TCP,0,5.977777778,110,23,144,2725
458,3/20/2024,15:04:11,Game,Xbox,180.253.248.223,192.168.1.51,TCP,0,5.396,111,167,142,2878
459,3/20/2024,15:04:44,Game,Xbox,180.253.248.223,192.168.1.51,TCP,0,4.099846154,111,6,126,2717
460,3/20/2024,15:05:29,Game,Xbox,180.253.248.223,192.168.1.51,TCP,0,4.546788991,113,339,112,3068
461,3/20/2024,15:06:40,Game,Xbox,180.253.248.223,192.168.1.51,TCP,0,4.332721713,113,35,112,2764
462,3/20/2024,15:07:29,Game,Xbox,180.253.248.223,192.168.1.51,TCP,3,5.393345745,115,5,140,2759.919759
463,3/20/2024,15:07:58,Game,Xbox,180.253.248.223,192.168.1.51,TCP,0,4.673688272,110,341,119,3043
464,3/20/2024,15:09:03,Game,Xbox,180.253.248.223,192.168.1.51,TCP,0,4.528395062,110,5,112,2707
465,3/20/2024,15:09:42,Game,Xbox,180.253.248.223,192.168.1.51,TCP,0,4.643902439,114,5,112,2743
466,3/20/2024,15:10:31,Game,Xbox,180.253.248.223,192.168.1.51,TCP,0,4.424384615,111,342,113,3053
467,3/20/2024,15:11:02,Game,Xbox,180.253.248.223,192.168.1.51,TCP,0,4.204320988,110,3,112,2705
468,3/20/2024,15:19:20,Game,Xbox,36.65.255.55,192.168.0.112,TCP,0,2.536160714,178,96,182,3410
469,3/20/2024,15:20:02,Game,Steam,180.253.248.223,192.168.1.51,TCP,0,0.9176569507,9,38,17,1831
470,3/20/2024,15:20:53,Game,Steam,180.253.248.223,192.168.1.51,TCP,0,0.9246621622,8,48,17,1832
471,3/20/2024,15:21:32,Game,Steam,180.253.248.223,192.168.1.51,TCP,0,0.9967488789,9,173,17,1966
472,3/20/2024,15:24:11,Game,Steam,180.253.248.223,192.168.1.51,TCP,0,0.8207222222,11,340,17,2151
473,3/20/2024,15:24:55,Game,Steam,180.253.248.223,192.168.1.51,TCP,0,0.7026548673,12,35,16,1855
474,3/20/2024,15:25:12,Game,Steam,180.253.248.223,192.168.1.51,TCP,0,0.8343891403,7,38,16,1813
475,3/20/2024,15:26:06,Game,Steam,180.253.248.223,192.168.1.51,TCP,0,0.8052130045,9,37,17,1830
476,3/20/2024,15:27:03,Game,Steam,180.253.248.223,192.168.1.51,TCP,0,0.796460177,12,36,18,1856
477,3/20/2024,15:28:05,Game,Steam,180.253.248.223,192.168.1.51,TCP,0,1.061373874,8,39,25,1823
478,3/20/2024,15:29:06,Game,Steam,180.253.248.223,192.168.1.51,TCP,0,0.7482142857,10,35,16,1837
479,3/20/2024,15:29:40,Game,Steam,180.253.248.223,192.168.1.51,TCP,0,0.7234304933,9,39,18,1832
480,3/20/2024,15:30:28,Game,Steam,180.253.248.223,192.168.1.51,TCP,0,1.126696833,7,36,30,1811
481,3/20/2024,15:31:52,Game,Steam,180.253.248.223,192.168.1.51,TCP,0,0.542081448,7,36,16,1811
482,3/20/2024,15:32:25,Game,Steam,180.253.248.223,192.168.1.51,TCP,0,0.8474431818,6,35,19,1801
483,3/20/2024,15:33:17,Game,Steam,180.253.248.223,192.168.1.51,TCP,0,0.6741554054,8,35,13,1819
484,3/20/2024,15:34:45,Game,Steam,180.253.248.223,192.168.1.51,TCP,0,0.8091216216,8,50,15,1834
485,3/20/2024,15:35:20,Game,Steam,180.253.248.223,192.168.1.51,TCP,0,0.7576704545,6,370,15,2136
486,3/20/2024,15:36:03,Game,Steam,180.253.248.223,192.168.1.51,TCP,0,0.7466216216,8,16,15,1800
487,3/20/2024,15:37:04,Game,Steam,180.253.248.223,192.168.1.51,TCP,0,1.322240991,8,2,23,1786
488,3/20/2024,15:37:52,Game,Steam,180.253.248.223,192.168.1.51,TCP,0,0.7213800905,7,342,14,2117
489,3/20/2024,15:38:22,Game,Steam,180.253.248.223,192.168.1.51,TCP,0,0.7493181818,6,16,14,1782
490,3/20/2024,15:39:12,Game,Steam,180.253.248.223,192.168.1.51,TCP,0,0.782239819,7,16,15,1791
491,3/20/2024,15:40:09,Game,Steam,180.253.248.223,192.168.1.51,TCP,0,0.6456447964,7,343,15,2118
492,3/20/2024,15:40:47,Game,Steam,180.253.248.223,192.168.1.51,TCP,0,0.7693693694,8,3,14,1787
493,3/20/2024,15:41:26,Game,Steam,180.253.248.223,192.168.1.51,TCP,0,0.8033071749,9,3,17,1796
494,3/20/2024,15:42:28,Game,Steam,180.253.248.223,192.168.1.51,TCP,0,0.6744909502,7,186,15,1961
495,3/20/2024,15:43:14,Game,Steam,180.253.248.223,192.168.1.51,TCP,0,0.78867713,9,2,15,1795
496,3/20/2024,15:44:38,Game,Steam,180.253.248.223,192.168.1.51,TCP,0,0.6447963801,7,2,15,1777
497,3/20/2024,15:44:59,Game,Steam,180.253.248.223,192.168.1.51,TCP,0,0.8035242291,13,340,19,2169
498,3/20/2024,15:45:37,Game,Steam,180.253.248.223,192.168.1.51,TCP,0,0.7495454545,6,4,17,1770
499,3/20/2024,15:46:03,Game,Steam,180.253.248.223,192.168.1.51,TCP,0,0.8579954955,8,3,19,1787
500,3/20/2024,15:47:25,Game,Steam,180.253.248.223,192.168.1.51,TCP,0,0.7793918919,8,342,18,2126
501,3/20/2024,15:48:12,Game,Steam,180.253.248.223,192.168.1.51,TCP,0,0.7350568182,6,15,17,1781
502,3/20/2024,15:49:34,Game,Steam,180.253.248.223,192.168.1.51,TCP,0,0.8468468468,8,8,20,1792
503,3/20/2024,15:50:29,Game,Steam,180.253.248.223,192.168.1.51,TCP,0,0.67,11,15,18,1826
504,3/20/2024,15:51:15,Game,Steam,180.253.248.223,192.168.1.51,TCP,0,0.9037556054,9,338,23,2131
505,3/20/2024,15:52:39,Game,Steam,180.253.248.223,192.168.1.51,TCP,0,0.6028587444,9,3,15,1796
506,3/20/2024,15:53:44,Game,Steam,180.253.248.223,192.168.1.51,TCP,0,0.741367713,9,5,17,1798
507,3/20/2024,15:54:25,Game,Steam,180.253.248.223,192.168.1.51,TCP,0,0.6872747748,8,17,17,1801
508,3/20/2024,15:55:20,Game,Steam,180.253.248.223,192.168.1.51,TCP,0,0.8269230769,7,2,20,1777
509,3/20/2024,15:55:58,Game,Steam,180.253.248.223,192.168.1.51,TCP,0,0.6266666667,11,6,15,1817
510,3/20/2024,15:56:38,Game,Steam,180.253.248.223,192.168.1.51,TCP,0,0.5042600897,9,7,13,1800
511,3/20/2024,15:57:19,Game,Steam,180.253.248.223,192.168.1.51,TCP,0,0.4437217195,7,3,15,1778
512,3/20/2024,16:03:05,Game,Steam,180.253.248.223,192.168.1.51,TCP,0,0.740990991,8,17,14,1801
513,3/20/2024,16:05:07,Game,Steam,180.253.248.223,192.168.1.51,TCP,0,0.8475336323,9,173,15,1966
514,3/20/2024,16:06:01,Game,Steam,180.253.248.223,192.168.1.51,TCP,0,0.6441176471,7,16,12,1791
515,3/20/2024,16:07:16,Game,Steam,180.253.248.223,192.168.1.51,TCP,0,0.8237612613,8,2,14,1786
516,3/20/2024,16:08:22,Game,Steam,180.253.248.223,192.168.1.51,TCP,0,0.9044117647,7,342,15,2117
517,3/20/2024,16:08:57,Game,Steam,180.253.248.223,192.168.1.51,TCP,0,1.573423423,8,1,28,1785
518,3/20/2024,16:09:13,Game,Steam,180.253.248.223,192.168.1.51,TCP,0,0.930044843,9,185,16,1978
519,3/20/2024,21:02:03,Video,TiktTok,36.69.143.150,192.168.0.112,TCP,0,0.2720982143,10,86,23,1888
520,3/20/2024,21:03:05,Video,TiktTok,36.69.143.150,192.168.0.112,TCP,0,0.2408482143,10,85,26,1887
521,3/20/2024,21:05:29,Video,TiktTok,36.69.143.150,192.168.0.112,TCP,0,0.1469565217,16,95,16,1951
522,3/20/2024,21:06:32,Video,TiktTok,36.69.143.150,192.168.0.112,TCP,0,0.2313876652,13,94,22,1923
523,3/20/2024,21:07:11,Video,TiktTok,36.69.143.150,192.168.0.112,TCP,0,0.2384868421,14,92,29,1930
524,3/20/2024,21:08:22,Video,TiktTok,36.69.143.150,192.168.0.112,TCP,0,0.5233480176,13,95,44,1924
525,3/20/2024,21:09:27,Video,TiktTok,36.69.143.150,192.168.0.112,TCP,0,0.2464285714,10,84,23,1886
526,3/20/2024,21:10:38,Video,TiktTok,36.69.143.150,192.168.0.112,TCP,0,0.5685064935,17,82,51,1947
527,3/20/2024,21:11:42,Video,TiktTok,36.69.143.150,192.168.0.112,TCP,0,0.2729166667,14,93,19,1931
528,3/20/2024,21:12:33,Video,TiktTok,36.69.143.150,192.168.0.112,TCP,0,0.3250563063,8,95,23,1879
529,3/20/2024,21:13:19,Video,TiktTok,36.69.143.150,192.168.0.112,TCP,0,0.1947309417,9,83,18,1876
530,3/21/2024,2:35:12,Game,Xbox,36.65.255.55,192.168.0.112,TCP,0,2.139203085,175,86,178,3373
531,3/21/2024,2:36:19,Game,Xbox,36.65.255.55,192.168.0.112,TCP,0,2.425192802,175,95,178,3382
532,3/21/2024,2:37:01,Game,Xbox,36.65.255.55,192.168.0.112,TCP,0,2.247938144,174,97,178,3375
533,3/21/2024,2:38:10,Game,Xbox,36.65.255.55,192.168.0.112,TCP,0,2.413269231,176,99,178,3395
534,3/21/2024,2:39:33,Game,Xbox,36.65.255.55,192.168.0.112,TCP,0,2.331940874,175,96,177,3383
535,3/21/2024,2:39:57,Game,Xbox,36.65.255.55,192.168.0.112,TCP,0,2.643653846,176,97,177,3393
536,3/21/2024,2:40:24,Game,Xbox,36.65.255.55,192.168.0.112,TCP,0,3.439130435,177,98,238,3403
537,3/21/2024,2:41:31,Game,Xbox,36.65.255.55,192.168.0.112,TCP,0,2.643653846,176,95,177,3391
538,3/21/2024,2:42:08,Game,Xbox,36.65.255.55,192.168.0.112,TCP,0,2.682692308,176,97,180,3393
539,3/21/2024,2:43:02,Game,Xbox,36.65.255.55,192.168.0.112,TCP,0,2.821391753,174,95,178,3373
540,3/21/2024,2:43:47,Game,Xbox,36.65.255.55,192.168.0.112,TCP,0,2.727051282,176,99,178,3395
541,3/21/2024,2:44:17,Game,Xbox,36.65.255.55,192.168.0.112,TCP,3,3.411681459,175,98,231,3394.364092
542,3/21/2024,2:45:29,Game,Xbox,36.65.255.55,192.168.0.112,TCP,0,2.885604113,175,96,200,3383
543,3/21/2024,2:46:14,Game,Xbox,36.65.255.55,192.168.0.112,TCP,0,2.964194373,177,98,190,3403
544,3/21/2024,2:47:36,Game,Xbox,36.65.255.55,192.168.0.112,TCP,0,2.568123393,175,96,180,3383
545,3/21/2024,2:47:58,Game,Xbox,36.65.255.55,192.168.0.112,TCP,0,2.295167526,174,97,179,3375
546,3/21/2024,2:48:18,Game,Xbox,36.65.255.55,192.168.0.112,TCP,0,2.330769231,176,97,180,3393
547,3/21/2024,2:49:11,Game,Xbox,36.65.255.55,192.168.0.112,TCP,0,2.39659383,175,83,178,3370
548,3/21/2024,2:50:04,Game,Xbox,36.65.255.55,192.168.0.112,TCP,0,2.133247423,174,96,178,3374
549,3/21/2024,2:50:49,Game,Xbox,36.65.255.55,192.168.0.112,TCP,0,2.45610687,179,98,180,3421
550,3/21/2024,2:51:32,Game,Xbox,36.65.255.55,192.168.0.112,TCP,0,2.530216285,179,97,185,3420
551,3/21/2024,2:52:06,Game,Xbox,36.65.255.55,192.168.0.112,TCP,3,2.410158482,178,98,190,3421.436309
552,3/21/2024,2:53:22,Game,Xbox,36.65.255.55,192.168.0.112,TCP,0,2.395248724,178,98,181,3412
553,3/21/2024,2:54:14,Game,Xbox,36.65.255.55,192.168.0.112,TCP,0,2.750636132,179,97,184,3420
554,3/21/2024,2:55:20,Game,Xbox,36.65.255.55,192.168.0.112,TCP,0,2.732315522,179,86,182,3409
555,3/21/2024,2:55:57,Game,Xbox,36.65.255.55,192.168.0.112,TCP,0,3.009024235,178,96,197,3410
556,3/21/2024,2:56:25,Game,Xbox,36.65.255.55,192.168.0.112,TCP,0,2.657977387,184,98,182,3466
557,3/21/2024,2:57:09,Game,Xbox,36.65.255.55,192.168.0.112,TCP,0,2.884375,178,85,182,3399
558,3/21/2024,2:58:13,Game,Xbox,36.65.255.55,192.168.0.112,TCP,0,2.295918367,178,96,180,3410
559,3/21/2024,2:58:50,Game,Xbox,36.65.255.55,192.168.0.112,TCP,0,2.705343511,179,98,192,3421
560,3/21/2024,2:59:44,Game,Xbox,36.65.255.55,192.168.0.112,TCP,0,2.97471374,179,97,215,3420
561,3/21/2024,3:00:27,Game,Xbox,36.65.255.55,192.168.0.112,TCP,0,2.569181586,177,98,181,3403
562,3/21/2024,3:01:07,Game,Xbox,36.65.255.55,192.168.0.112,TCP,0,2.966348601,179,95,211,3418
563,3/21/2024,3:01:49,Game,Xbox,36.65.255.55,192.168.0.112,TCP,0,2.327232143,178,95,182,3409
564,3/21/2024,3:02:14,Game,Xbox,36.65.255.55,192.168.0.112,TCP,0,2.164122137,179,97,180,3420
565,3/21/2024,3:03:11,Game,Xbox,36.65.255.55,192.168.0.112,TCP,0,2.650508906,179,95,251,3418
566,3/21/2024,3:04:26,Game,Xbox,36.65.255.55,192.168.0.112,TCP,0,2.170621827,180,97,181,3429
567,3/21/2024,3:05:29,Game,Xbox,36.65.255.55,192.168.0.112,TCP,0,2.285586735,178,98,181,3412
568,3/21/2024,3:06:25,Game,Xbox,36.65.255.55,192.168.0.112,TCP,0,2.454910714,178,97,182,3411
569,3/21/2024,3:07:07,Game,Xbox,36.65.255.55,192.168.0.112,TCP,0,2.839673913,177,99,187,3404
570,3/21/2024,3:07:51,Game,Xbox,36.65.255.55,192.168.0.112,TCP,0,2.628826531,178,94,180,3408
571,3/21/2024,3:08:10,Game,Xbox,36.65.255.55,192.168.0.112,TCP,0,2.595482673,190,96,186,3518
572,3/21/2024,3:09:03,Game,Xbox,36.65.255.55,192.168.0.112,TCP,0,1.96889313,179,96,181,3419
573,3/21/2024,3:09:43,Game,Xbox,36.65.255.55,192.168.0.112,TCP,3,3.149185184,180,96,231,3437.484453
574,3/21/2024,3:11:08,Game,Xbox,36.65.255.55,192.168.0.112,TCP,0,3.481123096,180,97,231,3429
575,3/21/2024,3:12:08,Video,TiktTok,36.65.255.55,192.168.0.112,TCP,0,0.4121636771,9,97,19,1890
576,3/21/2024,3:33:03,Video,TiktTok,36.65.255.55,192.168.0.112,TCP,0,0.25,8,95,10,1879
577,3/21/2024,3:34:13,Video,TiktTok,36.65.255.55,192.168.0.112,TCP,0,0.3291666667,11,97,15,1908
578,3/21/2024,3:35:22,Video,TiktTok,36.65.255.55,192.168.0.112,TCP,0,0.284375,10,96,13,1898
579,3/21/2024,3:35:57,Video,TiktTok,36.65.255.55,192.168.0.112,TCP,0,0.3275784753,9,96,12,1889
580,3/21/2024,3:36:33,Video,TiktTok,36.65.255.55,192.168.0.112,TCP,0,0.3398888889,11,96,14,1907
581,3/21/2024,3:37:30,Video,TiktTok,36.65.255.55,192.168.0.112,TCP,0,0.3414444444,11,97,14,1908
582,3/21/2024,3:38:42,Video,TiktTok,36.65.255.55,192.168.0.112,TCP,0,0.2875,14,96,12,1934
583,3/21/2024,3:39:40,Video,TiktTok,36.65.255.55,192.168.0.112,TCP,0,0.3807432432,8,98,14,1882
584,3/21/2024,3:41:22,Video,TiktTok,36.65.255.55,192.168.0.112,TCP,0,0.2841666667,11,93,15,1904
585,3/21/2024,3:42:20,Video,TiktTok,36.65.255.55,192.168.0.112,TCP,0,0.3268581081,8,98,15,1882
586,3/21/2024,3:46:03,Video,TiktTok,36.65.255.55,192.168.0.112,TCP,0,0.4389508929,10,97,19,1899
587,3/21/2024,3:46:53,Video,TiktTok,36.65.255.55,192.168.0.112,TCP,0,0.4494469027,12,93,17,1913
588,3/21/2024,3:48:04,Video,TiktTok,36.65.255.55,192.168.0.112,TCP,0,0.5046875,10,98,19,1900
589,3/21/2024,3:49:09,Video,TiktTok,36.65.255.55,192.168.0.112,TCP,0,0.6405405405,8,93,24,1877
590,3/21/2024,3:49:51,Video,TiktTok,36.65.255.55,192.168.0.112,TCP,0,0.4447115385,20,84,25,1976
591,3/21/2024,3:50:22,Video,TiktTok,36.65.255.55,192.168.0.112,TCP,0,0.4096846847,8,96,17,1880
592,3/21/2024,3:51:18,Video,TiktTok,36.65.255.55,192.168.0.112,TCP,0,0.622029148,9,99,27,1892
593,3/21/2024,3:52:37,Video,TiktTok,36.65.255.55,192.168.0.112,TCP,0,0.5983744395,9,97,25,1890
594,3/21/2024,3:53:04,Video,TiktTok,36.65.255.55,192.168.0.112,TCP,0,0.3898995536,10,98,17,1900
595,3/21/2024,3:53:41,Video,TiktTok,36.65.255.55,192.168.0.112,TCP,0,0.6417040359,9,97,24,1890
596,3/21/2024,3:54:28,Video,TiktTok,36.65.255.55,192.168.0.112,TCP,3,0.6025985294,7,97,26,1877.31996
597,3/21/2024,3:55:26,Video,TiktTok,36.65.255.55,192.168.0.112,TCP,0,0.3735426009,9,98,17,1891
598,3/21/2024,3:56:32,Video,TiktTok,36.65.255.55,192.168.0.112,TCP,0,0.8519144144,8,95,34,1879
599,3/21/2024,3:57:23,Video,TiktTok,36.65.255.55,192.168.0.112,TCP,0,0.4405405405,8,84,16,1868
600,3/21/2024,3:57:58,Video,TiktTok,36.65.255.55,192.168.0.112,TCP,0,0.4025784753,9,86,18,1879
601,3/21/2024,3:58:33,Video,TiktTok,36.65.255.55,192.168.0.112,TCP,3,0.8002705357,10,97,31,1904.392177
602,3/21/2024,3:59:08,Video,TiktTok,36.65.255.55,192.168.0.112,TCP,0,0.4358744395,9,98,18,1891
603,3/21/2024,4:00:19,Video,TiktTok,36.65.255.55,192.168.0.112,TCP,0,0.4171255507,13,84,15,1913
604,3/21/2024,4:00:38,Video,TiktTok,36.65.255.55,192.168.0.112,TCP,0,0.4088888889,11,95,16,1906
605,3/21/2024,5:10:22,Video,TiktTok,36.65.255.55,192.168.0.112,TCP,0,0.4126121076,9,97,17,1890
606,3/21/2024,5:11:13,Video,TiktTok,36.65.255.55,192.168.0.112,TCP,0,0.4246621622,8,96,18,1880
607,3/21/2024,5:12:11,Video,TiktTok,36.65.255.55,192.168.0.112,TCP,0,0.4520179372,9,97,18,1890
608,3/21/2024,5:13:24,Video,TiktTok,36.65.255.55,192.168.0.112,TCP,0,0.4168526786,10,97,18,1899
609,3/21/2024,5:14:05,Video,TiktTok,36.65.255.55,192.168.0.112,TCP,0,0.4494394619,9,94,19,1887
610,3/21/2024,5:14:52,Video,TiktTok,36.65.255.55,192.168.0.112,TCP,3,0.4913785714,10,91,24,1898.392177
611,3/21/2024,5:16:11,Video,TiktTok,36.65.255.55,192.168.0.112,TCP,0,0.4262276786,10,84,19,1886
612,3/21/2024,5:16:56,Video,TiktTok,36.65.255.55,192.168.0.112,TCP,0,0.5201793722,9,99,20,1892
613,3/21/2024,5:17:24,Video,TiktTok,36.65.255.55,192.168.0.112,TCP,0,0.6810538117,9,95,27,1888
614,3/21/2024,8:31:53,Voice,VoIP,108.137.97.103,163.116.193.113,ICMP,0,4.3,42.04,5.9,210,64
615,3/21/2024,8:31:59,Voice,VoIP,104.215.189.26,163.116.193.113,ICMP,0,3.9,25.06,6.56,210,64
616,3/21/2024,8:37:00,Voice,VoIP,108.137.97.103,163.116.193.113,ICMP,1.61,4.3,38.79,5.49,206,64
617,3/21/2024,8:37:06,Voice,VoIP,104.215.189.26,163.116.193.113,ICMP,12.4,4,24.48,5.62,208,64
618,3/21/2024,8:41:50,Voice,VoIP,108.137.97.103,163.116.193.113,ICMP,0,4.13,38.3,5.79,207,64
619,3/21/2024,8:41:54,Voice,VoIP,104.215.189.26,163.116.193.113,ICMP,0,4.3,23.31,4.68,207,64
620,3/21/2024,8:53:56,Voice,VoIP,108.137.97.103,163.116.193.113,ICMP,5,4.22,40.18,7.54,203,64
621,3/21/2024,8:54:00,Voice,VoIP,104.215.189.26,163.116.193.113,ICMP,12.93,4.5,25.62,5.07,207,64
622,3/21/2024,9:03:22,Voice,VoIP,108.137.97.103,163.116.193.113,ICMP,7.56,3.52,42.63,8.91,209,64
623,3/21/2024,9:03:25,Voice,VoIP,104.215.189.26,163.116.193.113,ICMP,10.17,4,28.55,10.61,213,64
624,3/21/2024,9:28:02,Voice,VoIP,108.137.97.103,163.116.193.113,ICMP,6.67,3.65,47.21,14.7,27,64
625,3/21/2024,9:28:06,Voice,VoIP,104.215.189.26,163.116.193.113,ICMP,10,3.7,44.15,12.91,220,64
626,3/21/2024,9:40:44,Voice,VoIP,108.137.97.103,163.116.193.113,ICMP,3.33,4.38,45.38,10.48,221,64
627,3/21/2024,9:40:48,Voice,VoIP,104.215.189.26,163.116.193.113,ICMP,0.81,3.9,25.49,9.54,211,64
628,3/21/2024,9:55:40,Voice,VoIP,108.137.97.103,163.116.193.113,ICMP,2.5,4.16,39.82,4.99,225,64
629,3/21/2024,9:55:43,Voice,VoIP,104.215.189.26,163.116.193.113,ICMP,0.82,4,26.57,6.38,224,64
630,3/21/2024,10:29:15,Voice,VoIP,108.137.97.103,163.116.193.113,ICMP,4.2,4.3,41.74,8.71,222,64
631,3/21/2024,10:29:19,Voice,VoIP,104.215.189.26,163.116.193.113,ICMP,1.61,3.4,21.3,12.48,222,64
632,3/21/2024,10:33:22,Voice,VoIP,108.137.97.103,163.116.193.113,ICMP,6.72,3.86,39.69,7.54,30,64
633,3/21/2024,10:33:25,Voice,VoIP,104.215.189.26,163.116.193.113,ICMP,7.56,3.6,26.68,8.22,226,64
634,3/21/2024,10:42:02,Voice,VoIP,108.137.97.103,163.116.193.113,ICMP,20.18,4.29,47.18,11.52,218,64
635,3/21/2024,10:42:11,Voice,VoIP,104.215.189.26,163.116.193.113,ICMP,16.96,3.8,29.5,9.86,216,64
636,3/21/2024,11:05:31,Voice,VoIP,108.137.97.103,163.116.193.113,ICMP,1.69,4.37,39.03,5.27,206,64
637,3/21/2024,11:05:38,Voice,VoIP,104.215.189.26,163.116.193.113,ICMP,0.84,4.3,24.06,5.07,206,64
638,3/21/2024,11:13:07,Voice,VoIP,108.137.97.103,163.116.193.113,ICMP,14.55,4.17,43,15.49,205,64
639,3/21/2024,11:13:14,Voice,VoIP,104.215.189.26,163.116.193.113,ICMP,10.34,4,27.5,11.67,206,64
640,3/21/2024,11:21:51,Voice,VoIP,108.137.97.103,163.116.193.113,ICMP,1.59,4.22,39.56,6.85,203,64
641,3/21/2024,11:22:00,Voice,VoIP,104.215.189.26,163.116.193.113,ICMP,17.95,4.5,27.85,7.22,201,64
642,3/21/2024,12:01:35,Voice,VoIP,108.137.97.103,163.116.193.113,ICMP,0,4.48,40.46,5.81,217,64
643,3/21/2024,12:01:40,Voice,VoIP,104.215.189.26,163.116.193.113,ICMP,0,4.4,26.34,7.07,215,64
644,3/21/2024,12:22:02,Game,Steam,10.31.103.178,167.205.0.252,TCP,3,1.548910714,31,102,42,2098.897693
645,3/21/2024,12:23:03,Game,Steam,10.31.103.178,167.205.0.252,TCP,3,1.152088889,38,91,52,2151.066199
646,3/21/2024,12:24:13,Game,Steam,10.31.103.178,167.205.0.252,TCP,3,0.5763280622,35,103,35,2135.993982
647,3/21/2024,12:25:18,Game,Steam,10.31.103.178,167.205.0.252,TCP,0,1.22625,36,74,45,2110
648,3/21/2024,12:26:04,Game,Steam,10.31.103.178,167.205.0.252,TCP,10,0.9643798828,42,98,42,2208.686869
649,3/21/2024,12:27:18,Game,Steam,10.31.103.178,167.205.0.252,TCP,7,1.464274597,34,92,46,2123.985901
650,3/21/2024,12:28:23,Game,Steam,10.31.103.178,167.205.0.252,TCP,10,1.876646739,39,98,63,2181.444444
651,3/21/2024,12:29:29,Game,Steam,10.31.103.178,167.205.0.252,TCP,3,1.82353592,47,106,67,2247.282849
652,3/21/2024,12:30:10,Game,Steam,10.31.103.178,167.205.0.252,TCP,0,3,65,73,108,2298
653,3/21/2024,12:31:13,Game,Steam,10.31.103.178,167.205.0.252,TCP,3,2.741222885,117,103,118,2875.967904
654,3/21/2024,12:31:33,Voice,VoIP,108.137.97.103,163.116.193.113,ICMP,0,4.43,48.09,0.99,220,64
655,3/21/2024,12:31:38,Voice,VoIP,104.215.189.26,163.116.193.113,ICMP,1.67,3.8,22.89,13.7,219,64
656,3/21/2024,12:32:21,Game,Steam,10.31.103.178,167.205.0.252,TCP,17,1.462899913,72,94,75,2493.568667
657,3/21/2024,12:34:02,Game,Steam,10.31.103.178,167.205.0.252,TCP,10,1.44075,50,105,68,2288.333333
658,3/21/2024,12:35:26,Game,Steam,10.31.103.178,167.205.0.252,TCP,10,1.037793103,47,103,57,2259.090909
659,3/21/2024,12:37:03,Game,Steam,10.31.103.178,167.205.0.252,TCP,13,1.592034312,84,97,87,2596.400203
660,3/21/2024,12:39:05,Game,Steam,10.31.103.178,167.205.0.252,TCP,23,3.918085161,96,264,111,2898.382805
661,3/21/2024,12:40:11,Game,Steam,10.31.103.178,167.205.0.252,TCP,17,4.385448387,96,102,120,2720.889115
662,3/21/2024,12:42:03,Game,Steam,10.31.103.178,167.205.0.252,TCP,20,2.8812,96,75,124,2701.612245
663,3/21/2024,12:45:20,Game,Steam,10.31.103.178,167.205.0.252,TCP,37,4.705300459,113,221,154,3050.510903
664,3/21/2024,12:45:31,Game,Steam,10.31.103.178,167.205.0.252,TCP,27,2.020481192,109,102,99,2866.704008
665,3/21/2024,12:46:07,Game,Steam,10.31.103.178,167.205.0.252,TCP,27,3.58183657,95,217,100,2852.596095
666,3/21/2024,12:47:03,Game,Steam,10.31.103.178,167.205.0.252,TCP,30,3.332020631,95,103,111,2746.453608
667,3/21/2024,12:49:02,Game,Steam,10.31.103.178,167.205.0.252,TCP,23,2.572607267,118,337,97,3173.5261
668,3/21/2024,12:49:53,Game,Steam,10.31.103.178,167.205.0.252,TCP,10,4.222160279,73,213,102,2605.191919
669,3/21/2024,12:50:24,Game,Steam,10.31.103.178,167.205.0.252,TCP,20,1.435849678,97,252,87,2887.77551
670,3/21/2024,12:52:17,Game,Steam,10.31.103.178,167.205.0.252,TCP,27,2.534921053,90,95,99,2684.486125
671,3/21/2024,12:54:02,Game,Steam,10.31.103.178,167.205.0.252,TCP,13,1.549113816,71,85,85,2466.030395
672,3/21/2024,12:55:31,Game,Steam,10.31.103.178,167.205.0.252,TCP,17,3.945608306,93,101,93,2692.474059
673,3/21/2024,12:56:15,Game,Steam,10.31.103.178,167.205.0.252,TCP,20,3.447078176,93,259,92,2858.122449
674,3/21/2024,12:57:10,Game,Steam,10.31.103.178,167.205.0.252,TCP,27,1.73714899,83,91,105,2615.932169
675,3/21/2024,13:06:20,Voice,VoIP,108.137.97.103,163.116.193.113,ICMP,0,3.62,46.26,10.47,206,64
676,3/21/2024,13:06:24,Voice,VoIP,104.215.189.26,163.116.193.113,ICMP,0.8,3.8,28.86,11.15,204,64
677,3/21/2024,13:13:43,Voice,VoIP,108.137.97.103,163.116.193.113,ICMP,0,4.2,42.15,8.91,211,64
678,3/21/2024,13:13:47,Voice,VoIP,104.215.189.26,163.116.193.113,ICMP,0,3.8,27.24,8.71,212,64
679,3/21/2024,13:14:19,Game,Steam,10.31.103.178,167.205.0.252,TCP,17,1.558787021,21,52,58,1985.512716
680,3/21/2024,13:15:22,Game,Steam,10.31.103.178,167.205.0.252,TCP,17,1.386593177,26,361,53,2340.204476
681,3/21/2024,13:16:13,Game,Steam,10.31.103.178,167.205.0.252,TCP,23,1.559832767,29,91,41,2109.764585
682,3/21/2024,13:18:23,Game,Steam,10.31.103.178,167.205.0.252,TCP,7,1.129060096,20,361,33,2266.196375
683,3/21/2024,13:19:22,Game,Steam,10.31.103.178,167.205.0.252,TCP,20,1.437281646,23,334,31,2291.693878
684,3/21/2024,13:20:19,Game,Steam,10.31.103.178,167.205.0.252,TCP,10,1.222494094,40,49,34,2141.525253
685,3/21/2024,13:21:38,Game,Steam,10.31.103.178,167.205.0.252,TCP,3,1.121153729,24,363,39,2296.729188
686,3/21/2024,13:22:31,Game,Steam,10.31.103.178,167.205.0.252,TCP,16,0.891292562,28,267,32,2262.479675
687,3/21/2024,13:23:18,Game,Steam,10.31.103.178,167.205.0.252,TCP,17,1.784394915,22,348,42,2290.651068
688,3/21/2024,13:25:39,Game,Steam,10.31.103.178,167.205.0.252,TCP,27,1.116486709,23,267,37,2238.612539
689,3/21/2024,13:26:26,Game,Steam,10.31.103.178,167.205.0.252,TCP,7,1.816345116,24,14,57,1955.421954
690,3/21/2024,13:27:45,Game,Steam,10.31.103.178,167.205.0.252,TCP,20,2.08104661,22,266,39,2214.530612
691,3/21/2024,13:28:04,Voice,VoIP,108.137.97.103,163.116.193.113,ICMP,1.65,4.32,40.15,7.65,216,64
692,3/21/2024,13:28:08,Voice,VoIP,104.215.189.26,163.116.193.113,ICMP,1.67,4,25.32,6.97,216,64
693,3/21/2024,13:28:19,Game,Steam,10.31.103.178,167.205.0.252,TCP,13,0.8227764706,24,227,32,2180.078014
694,3/21/2024,13:31:42,Game,Steam,10.31.103.178,167.205.0.252,TCP,10,1.819125,24,268,49,2215.232323
695,3/21/2024,13:32:41,Game,Steam,10.31.103.178,167.205.0.252,TCP,7,1.14564734,21,268,45,2182.252769
696,3/21/2024,13:34:07,Game,Steam,10.31.103.178,167.205.0.252,TCP,13,1.371313125,26,217,36,2188.288754
697,3/21/2024,13:34:46,Voice,VoIP,108.137.97.103,163.116.193.113,ICMP,0,4.23,37.26,3.37,213,64
698,3/21/2024,13:34:55,Voice,VoIP,104.215.189.26,163.116.193.113,ICMP,0.81,3.7,24.99,5.9,212,64
699,3/21/2024,13:35:21,Game,Steam,10.31.103.178,167.205.0.252,TCP,10,1.910489362,21,362,40,2281.989899
700,3/21/2024,13:36:42,Game,Steam,10.31.103.178,167.205.0.252,TCP,17,1.652772881,22,269,64,2211.651068
701,3/21/2024,13:37:32,Game,Steam,10.31.103.178,167.205.0.252,TCP,10,1.596532979,21,369,62,2288.989899
702,3/21/2024,13:42:07,Voice,VoIP,108.137.97.103,163.116.193.113,ICMP,3.45,4.39,42.01,5.5,219,64
703,3/21/2024,13:42:12,Voice,VoIP,104.215.189.26,163.116.193.113,ICMP,4.35,3.9,25.28,5.07,220,64
704,3/21/2024,13:42:20,Game,Steam,10.31.103.178,167.205.0.252,TCP,17,2.384587397,28,218,59,2215.48118
705,3/21/2024,13:43:37,Game,Steam,10.31.103.178,167.205.0.252,TCP,17,1.187878443,22,105,45,2047.651068
706,3/21/2024,14:15:07,Voice,VoIP,108.137.97.103,163.116.193.113,ICMP,4.31,4.38,41.17,6.92,224,64
707,3/21/2024,14:15:12,Voice,VoIP,104.215.189.26,163.116.193.113,ICMP,2.52,4.4,26,6.33,224,64
708,3/21/2024,14:40:18,Voice,VoIP,108.137.97.103,163.116.193.113,ICMP,2.38,4.22,38.7,5.92,222,64
709,3/21/2024,14:40:22,Voice,VoIP,104.215.189.26,163.116.193.113,ICMP,2.44,4.2,24.03,4.91,28,64
710,3/21/2024,14:47:25,Voice,VoIP,108.137.97.103,163.116.193.113,ICMP,4.84,3.5,48.1,6.29,223,64
711,3/21/2024,14:47:29,Voice,VoIP,104.215.189.26,163.116.193.113,ICMP,3.23,4.3,23.69,4.73,28,64
712,3/21/2024,15:07:32,Voice,VoIP,108.137.97.103,163.116.193.113,ICMP,10,3.47,40.21,8.45,213,64
713,3/21/2024,15:07:36,Voice,VoIP,104.215.189.26,163.116.193.113,ICMP,8.55,4.4,25.16,8.93,201,64
714,3/21/2024,15:32:40,Voice,VoIP,108.137.97.103,163.116.193.113,ICMP,0,3.9,38.62,4.85,212,64
715,3/21/2024,15:32:44,Voice,VoIP,104.215.189.26,163.116.193.113,ICMP,0,3.5,24.57,4.81,212,64
716,3/21/2024,18:13:10,Voice,VoIP,108.137.97.103,163.116.193.113,ICMP,0,16.15,10.33,4.49,185,64
717,3/21/2024,18:13:13,Voice,VoIP,104.215.189.26,163.116.193.113,ICMP,2.46,16.18,22.58,6.06,185,64
718,3/22/2024,8:36:56,Voice,VoIP,108.137.97.103,163.116.193.113,ICMP,2.4,4.52,37.5,2.32,202,64
719,3/22/2024,8:37:00,Voice,VoIP,104.215.189.26,163.116.193.94,ICMP,18.58,4.5,23.11,5.46,206,64
720,3/22/2024,8:37:04,Voice,VoIP,35.229.206.207,163.116.193.113,ICMP,0,4.01,61.74,1.67,27,64
721,3/22/2024,8:42:45,Voice,VoIP,108.137.97.103,163.116.193.113,ICMP,20.17,4.43,37.99,3.31,204,64
722,3/22/2024,8:42:49,Voice,VoIP,104.215.189.26,163.116.193.94,ICMP,0,4.23,22.31,3.63,204,64
723,3/22/2024,8:42:52,Voice,VoIP,35.229.206.207,163.116.193.113,ICMP,0,4.33,63.26,3.48,205,64
724,3/22/2024,8:54:20,Voice,VoIP,108.137.97.103,163.116.193.113,ICMP,0.81,3.75,37.63,2.01,200,64
725,3/22/2024,8:54:26,Voice,VoIP,104.215.189.26,163.116.193.94,ICMP,7.63,4.36,27.41,8.21,200,64
726,3/22/2024,8:54:32,Voice,VoIP,35.229.206.207,163.116.193.113,ICMP,6.25,4.1,68.62,7.99,201,64
727,3/22/2024,9:12:55,Voice,VoIP,108.137.97.103,163.116.193.113,ICMP,0,4.31,37.94,2.64,278,64
728,3/22/2024,9:13:01,Voice,VoIP,104.215.189.26,163.116.193.94,ICMP,14.41,4.28,25.36,4.44,210,64
729,3/22/2024,9:13:05,Voice,VoIP,35.229.206.207,163.116.193.113,ICMP,0.79,4.29,63.52,3.47,209,64
730,3/22/2024,9:22:00,Voice,VoIP,108.137.97.103,163.116.193.113,ICMP,0.8,4.51,39.31,2.9,231,64
731,3/22/2024,9:22:05,Voice,VoIP,104.215.189.26,163.116.193.94,ICMP,14.41,4.42,23.49,2.31,230,64
732,3/22/2024,9:22:09,Voice,VoIP,35.229.206.207,163.116.193.113,ICMP,3.23,3.91,62.65,3.21,232,64
733,3/22/2024,9:31:10,Voice,VoIP,108.137.97.103,163.116.193.113,ICMP,2.56,3.88,48.59,1.18,232,64
734,3/22/2024,9:31:14,Voice,VoIP,104.215.189.26,163.116.193.94,ICMP,5.17,4.35,47.66,18.84,232,64
735,3/22/2024,9:31:18,Voice,VoIP,35.229.206.207,163.116.193.113,ICMP,2.52,4.33,70.72,8.63,230,64
736,3/22/2024,9:49:19,Voice,VoIP,108.137.97.103,163.116.193.113,ICMP,0.81,4.25,48.06,8.51,247,64
737,3/22/2024,9:49:24,Voice,VoIP,104.215.189.26,163.116.193.94,ICMP,19.23,4.09,23.05,26.3,248,64
738,3/22/2024,9:49:28,Voice,VoIP,35.229.206.207,163.116.193.113,ICMP,8.04,4.08,64.13,4.16,249,64
739,3/22/2024,10:04:48,Voice,VoIP,108.137.97.103,163.116.193.113,ICMP,4.31,4.34,45.53,5.75,230,64
740,3/22/2024,10:04:53,Voice,VoIP,104.215.189.26,163.116.193.94,ICMP,0.88,3.85,28.65,15.95,242,64
741,3/22/2024,10:04:56,Voice,VoIP,35.229.206.207,163.116.193.113,ICMP,0,4.2,63.91,4.97,239,64
742,3/22/2024,10:48:22,Voice,VoIP,108.137.97.103,163.116.193.113,ICMP,20,4.5,59.45,16.08,222,64
743,3/22/2024,10:48:34,Voice,VoIP,104.215.189.26,163.116.193.94,ICMP,36.63,4.39,58.32,29.57,222,64
744,3/22/2024,10:48:39,Voice,VoIP,35.229.206.207,163.116.193.113,ICMP,13.04,4.4,67.17,6.67,223,64
745,3/22/2024,11:00:04,Voice,VoIP,108.137.97.103,163.116.193.113,ICMP,0.8,4.3,40.98,5.86,207,64
746,3/22/2024,11:00:09,Voice,VoIP,104.215.189.26,163.116.193.94,ICMP,9.02,4.31,26.34,9.42,207,64
747,3/22/2024,11:00:13,Voice,VoIP,35.229.206.207,163.116.193.113,ICMP,6.03,3.52,66.7,9.11,207,64
748,3/22/2024,11:32:06,Voice,VoIP,108.137.97.103,163.116.193.113,ICMP,7.02,4.39,38.82,4.21,210,64
749,3/22/2024,11:32:12,Voice,VoIP,104.215.189.26,163.116.193.94,ICMP,10.09,3.92,24.53,5.53,209,64
750,3/22/2024,11:32:16,Voice,VoIP,35.229.206.207,163.116.193.113,ICMP,5.17,3.96,65.04,4.47,26,64
751,3/22/2024,12:04:24,Voice,VoIP,108.137.97.103,163.116.193.113,ICMP,0,4.23,37.66,3.73,215,64
752,3/22/2024,12:04:29,Voice,VoIP,104.215.189.26,163.116.193.94,ICMP,0,4.48,22.74,5.22,213,64
753,3/22/2024,12:04:33,Voice,VoIP,35.229.206.207,163.116.193.113,ICMP,0,4.09,63.44,5.22,214,64
754,3/22/2024,12:26:27,Voice,VoIP,35.229.206.207,163.116.193.113,ICMP,0,3.78,64.65,3.85,223,64
755,3/22/2024,12:26:34,Voice,VoIP,104.215.189.26,163.116.193.94,ICMP,0,4.45,23.34,5.23,223,64
756,3/22/2024,12:26:38,Voice,VoIP,108.137.97.103,163.116.193.113,ICMP,0.8,4.58,39.06,3.9,224,64
757,3/22/2024,12:41:40,Voice,VoIP,35.229.206.207,163.116.193.113,ICMP,0,4.33,61.76,1.71,213,64
758,3/22/2024,12:41:46,Voice,VoIP,108.137.97.103,163.116.193.113,ICMP,2.44,4.39,37.07,1.88,213,64
759,3/22/2024,12:41:50,Voice,VoIP,104.215.189.26,163.116.193.94,ICMP,0,4.28,21.05,1.88,213,64
760,3/22/2024,12:55:36,Voice,VoIP,108.137.97.103,163.116.193.113,ICMP,0,4.56,40,5.53,207,64
761,3/22/2024,12:55:39,Voice,VoIP,104.215.189.26,163.116.193.94,ICMP,0.8,4.38,21.94,3.73,206,64
762,3/22/2024,12:55:32,Voice,VoIP,35.229.206.207,163.116.193.113,ICMP,0.8,4.26,63.07,3.59,200,64
763,3/22/2024,13:00:35,Voice,VoIP,108.137.97.103,163.116.193.113,ICMP,10.83,4.45,37.07,3.23,210,64
764,3/22/2024,13:00:39,Voice,VoIP,104.215.189.26,163.116.193.94,ICMP,0,4.34,22.09,2.83,211,64
765,3/22/2024,13:00:32,Voice,VoIP,35.229.206.207,163.116.193.113,ICMP,0,4.26,63.78,3.01,210,64
766,3/22/2024,13:06:25,Voice,VoIP,108.137.97.103,163.116.193.113,ICMP,0,4.6,37.1,2.27,210,64
767,3/22/2024,13:06:29,Voice,VoIP,104.215.189.26,163.116.193.94,ICMP,2.52,4.41,22.54,3.94,209,64
768,3/22/2024,13:06:22,Voice,VoIP,35.229.206.207,163.116.193.113,ICMP,1.64,4.05,63.46,4.22,209,64
769,3/22/2024,14:01:45,Voice,VoIP,108.137.97.103,163.116.193.113,ICMP,6.35,4.22,39.98,4.86,213,64
770,3/22/2024,14:01:51,Voice,VoIP,104.215.189.26,163.116.193.94,ICMP,0,4.18,22.18,3.32,212,64
771,3/22/2024,14:09:23,Voice,VoIP,104.215.189.26,163.116.193.94,ICMP,2.54,3.97,23.23,4.87,209,64
772,3/22/2024,14:09:27,Voice,VoIP,108.137.97.103,163.116.193.113,ICMP,0,4.52,38.91,4.62,209,64
773,3/22/2024,14:01:39,Voice,VoIP,35.229.206.207,163.116.193.113,ICMP,0,3.9,62.81,3.04,213,64
774,3/22/2024,14:13:45,Voice,VoIP,108.137.97.103,163.116.193.113,ICMP,16.22,4.19,40.25,4.91,26,64
775,3/22/2024,14:09:31,Voice,VoIP,35.229.206.207,163.116.193.113,ICMP,2.48,4.25,64.61,4.38,207,64
776,3/22/2024,14:13:53,Voice,VoIP,35.229.206.207,163.116.193.113,ICMP,0,4.12,64.55,4.31,216,64
777,3/22/2024,14:20:00,Voice,VoIP,108.137.97.103,163.116.193.113,ICMP,6.96,4.55,40.37,6.15,27,64
778,3/22/2024,14:20:03,Voice,VoIP,104.215.189.26,163.116.193.113,ICMP,5.13,3.66,27.02,7.16,213,64
779,3/22/2024,14:19:55,Voice,VoIP,35.229.206.207,163.116.193.113,ICMP,1.61,3.81,64.46,4.67,217,64
780,3/22/2024,14:23:58,Voice,VoIP,104.215.189.26,163.116.193.113,ICMP,0,4.17,23.32,4.17,211,64
781,3/22/2024,14:39:55,Voice,VoIP,104.215.189.26,163.116.193.113,ICMP,2.42,3.35,22.52,3.05,218,64
782,3/22/2024,14:40:01,Voice,VoIP,108.137.97.103,163.116.193.113,ICMP,5.69,4.32,43.28,12.84,27,64
783,3/22/2024,14:58:23,Voice,VoIP,104.215.189.26,163.116.193.113,ICMP,5,3.89,23.4,3.64,223,64
784,3/22/2024,14:58:26,Voice,VoIP,108.137.97.103,163.116.193.113,ICMP,4.92,4.48,38.69,3.59,223,64
785,3/22/2024,14:23:55,Voice,VoIP,35.229.206.207,163.116.193.113,ICMP,0,3.99,63.97,3.83,209,64
786,3/22/2024,15:27:43,Voice,VoIP,108.137.97.103,163.116.193.113,ICMP,8.04,4.3,41.31,3.98,211,64
787,3/22/2024,15:27:46,Voice,VoIP,104.215.189.26,163.116.193.113,ICMP,1.6,4.41,22.51,4.57,216,64
788,3/22/2024,15:27:38,Voice,VoIP,35.229.206.207,163.116.193.113,ICMP,0,4.1,63.35,5.21,210,64
789,3/22/2024,15:34:06,Voice,VoIP,108.137.97.103,163.116.193.113,ICMP,8.87,4.3,39.02,3.26,214,64
790,3/22/2024,15:34:16,Voice,VoIP,104.215.189.26,163.116.193.113,ICMP,4.27,4.32,24.3,6.39,215,64
791,3/22/2024,15:38:24,Voice,VoIP,104.215.189.26,163.116.193.113,ICMP,3.31,3.92,22.35,2.67,215,64
792,3/22/2024,15:33:51,Voice,VoIP,35.229.206.207,163.116.193.113,ICMP,0,4.19,63.63,4.06,212,64
793,3/24/2024,14:58:11,Voice,VoIP,108.137.97.103,163.116.193.113,ICMP,7.02,15.56,8.99,2.98,235,64
794,3/24/2024,14:58:14,Voice,VoIP,104.215.189.26,163.116.193.113,ICMP,5.17,6,21.13,15.6,273,64
795,3/24/2024,15:23:26,Voice,VoIP,108.137.97.103,163.116.193.113,ICMP,3.15,14.02,15.01,10.44,167,64
796,3/24/2024,15:23:28,Voice,VoIP,104.215.189.26,163.116.193.113,ICMP,2.44,11.6,21.91,5.13,231,64
797,3/24/2024,15:39:23,Voice,VoIP,108.137.97.103,163.116.193.113,ICMP,2.56,15.98,16.27,9.91,179,64
798,3/24/2024,15:39:27,Voice,VoIP,104.215.189.26,163.116.193.113,ICMP,3.25,15.89,24.13,7.24,253,64
799,3/24/2024,15:48:55,Voice,VoIP,108.137.97.103,163.116.193.113,ICMP,0,12.75,6.96,1.34,182,64
800,3/24/2024,15:48:59,Voice,VoIP,104.215.189.26,163.116.193.113,ICMP,0,3.76,19.6,1.51,248,64
801,3/24/2024,15:58:54,Voice,VoIP,108.137.97.103,163.116.193.113,ICMP,0,15.38,13.18,13.63,189,64
802,3/24/2024,15:58:58,Voice,VoIP,104.215.189.26,163.116.193.113,ICMP,0,15.49,22.71,8.54,269,64
803,3/24/2024,16:09:44,Voice,VoIP,108.137.97.103,163.116.193.113,ICMP,0,16.24,8.32,4.52,194,64
804,3/24/2024,16:09:48,Voice,VoIP,104.215.189.26,163.116.193.113,ICMP,0,15.89,20.67,24.87,271,64
805,3/24/2024,17:07:54,Voice,VoIP,108.137.97.103,163.116.193.113,ICMP,0,9.14,9.46,6.58,25,64
806,3/24/2024,20:47:04,Voice,VoIP,108.137.97.103,163.116.193.113,ICMP,0,10.15,8.38,4.94,163,64
807,3/24/2024,20:47:08,Voice,VoIP,104.215.189.26,163.116.193.113,ICMP,0,15.85,20.35,3.98,229,64
808,3/24/2024,21:02:39,Voice,VoIP,108.137.97.103,163.116.193.113,ICMP,0,16.25,18.23,12.74,193,64
809,3/24/2024,21:02:42,Voice,VoIP,104.215.189.26,163.116.193.113,ICMP,0,9.4,22.07,5.97,262,64
810,3/24/2024,21:12:55,Voice,VoIP,108.137.97.103,163.116.193.113,ICMP,0,16.05,10.21,7.27,104,64
811,3/24/2024,21:12:58,Voice,VoIP,104.215.189.26,163.116.193.113,ICMP,0,8.68,22.43,25.64,261,64
812,3/24/2024,21:22:52,Voice,VoIP,108.137.97.103,163.116.193.113,ICMP,0,15.84,7.77,5.35,189,64
813,3/24/2024,21:22:56,Voice,VoIP,104.215.189.26,163.116.193.113,ICMP,0,15.42,21.16,26.78,266,64
814,3/24/2024,21:32:13,Voice,VoIP,108.137.97.103,163.116.193.113,ICMP,0,10.02,8.9,3.05,185,64
815,3/24/2024,21:32:17,Voice,VoIP,104.215.189.26,163.116.193.113,ICMP,0,15.39,20.24,3.28,262,64
816,3/24/2024,21:43:31,Voice,VoIP,108.137.97.103,163.116.193.113,ICMP,0,16.39,8.98,4.49,203,64
817,3/24/2024,21:43:34,Voice,VoIP,104.215.189.26,163.116.193.113,ICMP,0,6.23,21.22,24.78,274,64
818,3/24/2024,22:02:25,Voice,VoIP,108.137.97.103,163.116.193.113,ICMP,0,15.92,15.13,10.93,168,64
819,3/24/2024,22:02:28,Voice,VoIP,104.215.189.26,163.116.193.113,ICMP,0,4.89,21.58,5.97,235,64
820,3/24/2024,22:13:19,Voice,VoIP,108.137.97.103,163.116.193.113,ICMP,0,15.32,9.77,12.72,192,64
821,3/24/2024,22:13:22,Voice,VoIP,104.215.189.26,163.116.193.113,ICMP,0.79,9.85,20.62,2.78,253,64
822,3/24/2024,22:25:11,Voice,VoIP,108.137.97.103,163.116.193.113,ICMP,0,14.89,8.14,3.44,201,64
823,3/24/2024,22:25:16,Voice,VoIP,104.215.189.26,163.116.193.113,ICMP,0,15.24,20.61,3.12,32,64
824,3/24/2024,22:37:55,Voice,VoIP,108.137.97.103,163.116.193.113,ICMP,0,16.21,8.2,3.28,191,64
825,3/24/2024,22:37:58,Voice,VoIP,104.215.189.26,163.116.193.113,ICMP,0,8.35,20.47,25.98,268,64
826,3/24/2024,22:49:36,Voice,VoIP,108.137.97.103,163.116.193.113,ICMP,0,12.41,8.6,7.37,23,64
827,3/24/2024,22:49:39,Voice,VoIP,104.215.189.26,163.116.193.113,ICMP,0,4.14,20.48,16.18,34,64
828,3/24/2024,23:14:38,Voice,VoIP,108.137.97.103,163.116.193.113,ICMP,0.8,15.18,10.18,4.38,160,64
829,3/24/2024,23:14:41,Voice,VoIP,104.215.189.26,163.116.193.113,ICMP,0.8,14.69,21.2,4.08,225,64
830,3/24/2024,23:24:52,Voice,VoIP,108.137.97.103,163.116.193.113,ICMP,0,15.47,12.23,6.49,168,64
831,3/24/2024,23:24:56,Voice,VoIP,104.215.189.26,163.116.193.113,ICMP,0,4.5,21.15,4.02,237,64
832,3/24/2024,23:25:00,Voice,VoIP,35.229.206.207,163.116.193.133,ICMP,0,13.36,62.86,3.44,149,64
833,3/24/2024,23:39:33,Voice,VoIP,108.137.97.103,163.116.193.113,ICMP,0,16.36,11.69,9.14,168,64
834,3/24/2024,23:39:37,Voice,VoIP,104.215.189.26,163.116.193.113,ICMP,0,4.33,21.09,2.99,250,64
835,3/24/2024,23:39:40,Voice,VoIP,35.229.206.207,163.116.193.132,ICMP,0,9.38,66.07,8.16,171,64
836,3/24/2024,23:47:59,Voice,VoIP,108.137.97.103,163.116.193.113,ICMP,0,8.7,10.58,9.52,22,64
837,3/24/2024,23:48:03,Voice,VoIP,104.215.189.26,163.116.193.113,ICMP,0,15.09,21.34,3.29,30,64
838,3/24/2024,23:48:11,Voice,VoIP,35.229.206.207,163.116.193.131,ICMP,0,6.64,68.3,5.25,183,64
839,3/25/2024,8:35:49,Voice,VoIP,108.137.97.103,163.116.193.113,ICMP,0,3.99,48.36,8.67,27,64
840,3/25/2024,8:35:55,Voice,VoIP,104.215.189.26,163.116.193.113,ICMP,0,4.37,26.11,10.61,301,64
841,3/25/2024,8:35:58,Voice,VoIP,35.229.206.207,163.116.193.130,ICMP,0,4.24,67.7,11.57,211,64
842,3/25/2024,8:59:40,Voice,VoIP,108.137.97.103,163.116.193.113,ICMP,0,3.71,47.7,8.04,208,64
843,3/25/2024,8:59:46,Voice,VoIP,104.215.189.26,163.116.193.113,ICMP,0,3.44,31.76,10.78,209,64
844,3/25/2024,8:59:51,Voice,VoIP,35.229.206.207,163.116.193.129,ICMP,0,2.11,71.87,12.19,209,64
845,3/25/2024,9:18:11,Voice,VoIP,108.137.97.103,163.116.193.113,ICMP,8.85,4.48,42.14,7.02,213,64
846,3/25/2024,9:18:14,Voice,VoIP,104.215.189.26,163.116.193.113,ICMP,9.4,4.15,26.45,8.24,211,64
847,3/25/2024,9:18:18,Voice,VoIP,35.229.206.207,163.116.193.128,ICMP,6.84,4.26,66.21,7.4,209,64
848,3/25/2024,9:47:03,Voice,VoIP,108.137.97.103,163.116.193.113,ICMP,10.19,4.31,41.68,5.64,26,64
849,3/25/2024,9:47:06,Voice,VoIP,104.215.189.26,163.116.193.113,ICMP,8.62,3.66,27.09,7.75,27,64
850,3/25/2024,9:47:11,Voice,VoIP,35.229.206.207,163.116.193.127,ICMP,8.55,4.15,69.7,8.25,206,64
851,3/25/2024,10:00:57,Voice,VoIP,108.137.97.103,163.116.193.113,ICMP,0.8,4.31,40.89,4.27,213,64
852,3/25/2024,10:01:01,Voice,VoIP,104.215.189.26,163.116.193.113,ICMP,8.47,4.13,29.06,9.2,220,64
853,3/25/2024,10:01:06,Voice,VoIP,35.229.206.207,163.116.193.126,ICMP,3.94,3.95,64.7,3.84,214,64
854,3/25/2024,10:15:23,Voice,VoIP,108.137.97.103,163.116.193.113,ICMP,3.39,3.78,41.45,6.52,219,64
855,3/25/2024,10:15:26,Voice,VoIP,104.215.189.26,163.116.193.113,ICMP,4.27,3.91,25.54,6.97,243,64
856,3/25/2024,10:15:29,Voice,VoIP,35.229.206.207,163.116.193.125,ICMP,0,3.71,68.22,5.91,221,64
857,3/25/2024,10:36:39,Voice,VoIP,108.137.97.103,163.116.193.113,ICMP,0.79,4.3,40.51,6.83,28,64
858,3/25/2024,10:36:42,Voice,VoIP,35.229.206.207,163.116.193.124,ICMP,2.44,3.92,65.26,6.52,218,64
859,3/25/2024,10:36:46,Voice,VoIP,104.215.189.26,163.116.193.113,ICMP,3.85,2.82,24.54,6.45,27,64
860,3/26/2024,12:01:25,Voice,VoIP,35.229.206.207,163.116.193.123,ICMP,0.8,4.14,65.95,7.22,199,64
861,3/26/2024,12:15:46,Voice,VoIP,35.229.206.207,163.116.193.122,ICMP,2.44,4.01,64.25,9.82,206,64
862,3/26/2024,12:44:19,Voice,VoIP,35.229.206.207,163.116.193.121,ICMP,0,3.51,65.38,7.99,242,64
863,3/26/2024,13:03:32,Voice,VoIP,35.229.206.207,163.116.193.120,ICMP,0,4.03,65.58,6.36,212,64
864,3/26/2024,13:19:10,Voice,VoIP,35.229.206.207,163.116.193.119,ICMP,0.81,4.14,64.64,5.17,26,64
865,3/26/2024,13:53:48,Voice,VoIP,35.229.206.207,163.116.193.118,ICMP,1.12,3.45,66.56,8.35,200,64
866,3/26/2024,14:30:14,Voice,VoIP,35.229.206.207,163.116.193.117,ICMP,1.67,3.92,68.25,6.54,202,64
867,3/26/2024,14:51:04,Voice,VoIP,35.229.206.207,163.116.193.116,ICMP,7.63,3.16,75.25,9.02,203,64
868,3/26/2024,15:26:05,Voice,VoIP,35.229.206.207,163.116.193.115,ICMP,4.07,3.87,65.77,6.2,210,64
869,3/26/2024,15:41:33,Voice,VoIP,35.229.206.207,163.116.193.114,ICMP,0.8,4.25,66.01,4.8,27,64
870,3/26/2024,20:59:22,Video,YouTube,36.65.255.55,192.168.0.112,TCP,0,0.7355932203,22,89,32,1999
871,3/26/2024,21:01:05,Video,YouTube,36.65.255.55,192.168.0.112,TCP,0,0.704218107,29,85,37,2058
872,3/26/2024,21:06:03,Video,YouTube,36.65.255.55,192.168.0.112,TCP,0,0.9113924051,23,97,45,2016
873,3/26/2024,21:07:05,Video,YouTube,36.65.255.55,192.168.0.112,TCP,0,0.5796080508,22,97,31,2007
874,3/26/2024,21:08:11,Video,YouTube,36.65.255.55,192.168.0.112,TCP,0,0.6336702128,21,86,33,1987
875,3/27/2024,3:35:07,Video,YouTube,36.65.255.55,192.168.0.112,TCP,0,0.7311440678,22,94,29,2004
876,3/27/2024,3:36:11,Video,YouTube,36.65.255.55,192.168.0.112,TCP,0,0.8998945148,23,92,38,2011
877,3/27/2024,3:37:31,Video,YouTube,36.65.255.55,192.168.0.112,TCP,0,0.96,21,93,47,1994
878,3/27/2024,3:38:02,Video,YouTube,36.65.255.55,192.168.0.112,TCP,0,0.6766419492,22,94,35,2004
879,3/27/2024,3:38:41,Video,YouTube,36.65.255.55,192.168.0.112,TCP,0,1.243908898,22,92,55,2002
880,3/27/2024,3:39:15,Video,YouTube,36.65.255.55,192.168.0.112,TCP,0,1.1092827,23,94,44,2013
881,3/27/2024,3:40:12,Video,YouTube,36.65.255.55,192.168.0.112,TCP,0,0.7443037975,23,99,32,2018
882,3/27/2024,3:41:01,Video,YouTube,36.65.255.55,192.168.0.112,TCP,7,1.255791841,25,94,62,2044.478348
883,3/27/2024,3:41:44,Video,YouTube,36.65.255.55,192.168.0.112,TCP,0,0.7119198312,23,94,34,2013
884,3/27/2024,3:42:11,Video,YouTube,36.65.255.55,192.168.0.112,TCP,0,0.6664556962,23,93,36,2012
885,3/27/2024,3:44:25,Video,YouTube,36.65.255.55,192.168.0.112,TCP,0,0.8008474576,22,79,35,1989
886,3/27/2024,3:50:21,Video,YouTube,36.65.255.55,192.168.0.112,TCP,0,0.7783613445,24,92,38,2020
887,3/27/2024,3:51:42,Video,YouTube,36.65.255.55,192.168.0.112,TCP,0,0.6203256303,24,90,31,2018
888,3/27/2024,3:52:06,Video,YouTube,36.65.255.55,192.168.0.112,TCP,0,0.6579497908,25,81,34,2018
889,3/27/2024,3:52:42,Video,YouTube,36.65.255.55,192.168.0.112,TCP,0,0.6029411765,24,93,35,2021
890,3/27/2024,3:53:02,Video,YouTube,36.65.255.55,192.168.0.112,TCP,0,0.717721519,23,91,36,2010
891,3/27/2024,3:53:39,Video,YouTube,36.65.255.55,192.168.0.112,TCP,0,0.6847689076,24,80,41,2008
892,3/27/2024,3:54:14,Video,YouTube,36.65.255.55,192.168.0.112,TCP,0,0.5719148936,21,94,32,1995
893,3/27/2024,3:54:47,Video,YouTube,36.65.255.55,192.168.0.112,TCP,0,0.6717299578,23,94,32,2013
894,3/27/2024,3:55:10,Video,YouTube,36.65.255.55,192.168.0.112,TCP,0,0.7569915254,22,97,36,2007
895,3/27/2024,3:56:01,Video,YouTube,36.65.255.55,192.168.0.112,TCP,0,0.6819915254,22,94,37,2004
896,3/27/2024,4:48:11,Video,YouTube,36.65.255.55,192.168.0.112,TCP,0,0.6525423729,22,95,32,2005
897,3/27/2024,4:55:02,Video,YouTube,36.65.255.55,192.168.0.112,TCP,0,0.7398148148,29,93,34,2066
898,3/27/2024,4:56:05,Video,YouTube,36.65.255.55,192.168.0.112,TCP,0,1.087447034,22,94,49,2004
899,3/27/2024,4:57:04,Video,YouTube,36.65.255.55,192.168.0.112,TCP,0,0.700210084,24,92,33,2020
900,3/27/2024,4:57:41,Video,YouTube,36.65.255.55,192.168.0.112,TCP,0,0.6962025316,23,92,33,2011
901,3/27/2024,4:58:11,Video,YouTube,36.65.255.55,192.168.0.112,TCP,0,0.7996323529,24,94,35,2022
902,3/27/2024,4:58:49,Video,YouTube,36.65.255.55,192.168.0.112,TCP,0,0.6599156118,23,95,34,2014
903,3/27/2024,4:59:20,Video,YouTube,36.65.255.55,192.168.0.112,TCP,0,0.6869173729,22,92,33,2002
904,3/27/2024,5:00:03,Video,YouTube,36.65.255.55,192.168.0.112,TCP,0,0.7057446809,21,93,31,1994
905,3/27/2024,5:00:39,Video,YouTube,36.65.255.55,192.168.0.112,TCP,0,0.6387711864,22,95,30,2005
906,3/27/2024,5:01:23,Video,YouTube,36.65.255.55,192.168.0.112,TCP,0,1.117446809,21,92,52,1993
907,3/27/2024,5:02:03,Video,YouTube,36.65.255.55,192.168.0.112,TCP,0,0.7231914894,21,88,33,1989
908,3/27/2024,5:02:46,Video,YouTube,36.65.255.55,192.168.0.112,TCP,0,0.6595744681,21,98,31,1999
909,3/27/2024,5:04:33,Video,YouTube,36.65.255.55,192.168.0.112,TCP,0,0.6337923729,22,94,31,2004
910,3/27/2024,5:05:07,Video,YouTube,36.65.255.55,192.168.0.112,TCP,0,0.7005319149,21,91,30,1992
911,3/27/2024,5:06:14,Video,YouTube,36.65.255.55,192.168.0.112,TCP,0,0.9880826271,22,94,41,2004
912,3/27/2024,5:06:52,Video,YouTube,36.65.255.55,192.168.0.112,TCP,0,0.7455508475,22,85,34,1995
913,3/27/2024,5:08:04,Video,YouTube,36.65.255.55,192.168.0.112,TCP,0,0.6311181435,23,95,31,2014
914,3/27/2024,5:08:37,Video,YouTube,36.65.255.55,192.168.0.112,TCP,0,1.009780335,25,95,43,2032
915,3/27/2024,5:09:21,Video,YouTube,36.65.255.55,192.168.0.112,TCP,0,0.6869173729,22,96,33,2006
916,3/27/2024,5:10:19,Video,YouTube,36.65.255.55,192.168.0.112,TCP,0,0.7324894515,23,93,32,2012
917,3/27/2024,5:13:42,Video,YouTube,36.65.255.55,192.168.0.112,TCP,0,0.6861924686,25,82,32,2019
918,3/27/2024,5:16:22,Video,YouTube,36.65.255.55,192.168.0.112,TCP,0,0.7223628692,23,99,32,2018
919,3/27/2024,14:33:04,Video,TikTok,167.205.0.224,10.5.106.48,TCP,11,1.012025156,26,18,37,1985.354904
920,3/27/2024,14:35:05,Video,TikTok,167.205.0.224,10.5.106.48,TCP,13,1.031635671,32,87,34,2112.920973
921,3/27/2024,14:35:43,Video,TikTok,167.205.0.224,10.5.106.48,TCP,10,1.095633,36,13,42,2069.20202
922,3/27/2024,14:36:11,Video,TikTok,167.205.0.223,10.5.105.53,TCP,7,1.9527289,52,95,87,2290.001007
923,3/27/2024,14:37:31,Video,TikTok,167.205.0.223,10.5.105.53,TCP,0,1.420550847,22,85,30,1995
924,3/27/2024,14:40:13,Video,TikTok,167.205.0.223,10.5.105.53,TCP,0,0.9928797468,23,85,25,2004
925,3/27/2024,14:41:22,Video,TikTok,167.205.0.223,10.5.105.53,TCP,0,1.16440678,22,78,24,1988
926,3/27/2024,14:41:53,Video,TikTok,167.205.0.223,10.5.105.53,TCP,0,0.9607594937,23,86,23,2005
927,3/27/2024,14:42:11,Video,TikTok,167.205.0.223,10.5.105.53,TCP,0,1.227584388,23,82,25,2001
928,3/27/2024,14:43:33,Video,TikTok,167.205.0.223,10.5.105.53,TCP,0,0.8531118143,23,82,25,2001
929,3/27/2024,14:44:32,Video,TikTok,167.205.0.223,10.5.105.53,TCP,0,1.279352227,33,90,32,2099
930,3/27/2024,14:45:32,Video,TikTok,167.205.0.224,10.5.106.48,TCP,3,1.285097542,25,89,31,2031.75326
931,3/27/2024,14:46:12,Video,TikTok,167.205.0.224,10.5.106.48,TCP,0,1.360111789,32,364,29,2364
932,3/27/2024,14:47:00,Video,TikTok,167.205.0.224,10.5.106.48,TCP,0,1.312044534,33,93,29,2102
933,3/27/2024,14:49:23,Video,TikTok,167.205.0.224,10.5.106.48,TCP,0,1.241935484,34,52,28,2070
934,3/27/2024,14:50:18,Video,TikTok,167.205.0.224,10.5.106.48,TCP,7,1.398676829,32,51,28,2064.873112
935,3/27/2024,14:51:26,Video,TikTok,167.205.0.224,10.5.106.48,TCP,3,1.38500253,33,87,30,2101.945838
936,3/27/2024,14:52:29,Video,TikTok,167.205.0.224,10.5.106.48,TCP,0,1.348378661,25,88,29,2025
937,3/27/2024,14:52:57,Video,TikTok,167.205.0.224,10.5.106.48,TCP,7,1.512152813,26,91,33,2050.534743
938,3/27/2024,14:53:04,Video,TikTok,167.205.0.224,10.5.106.48,TCP,0,1.19809322,22,86,26,1996
939,3/27/2024,14:54:13,Video,TikTok,167.205.0.224,10.5.106.48,TCP,0,1.170886076,23,86,25,2005
940,3/27/2024,14:55:09,Video,TikTok,167.205.0.224,10.5.106.48,TCP,0,1.172826087,39,85,26,2148
941,3/27/2024,14:56:14,Video,TikTok,167.205.0.224,10.5.106.48,TCP,0,1.135871849,24,84,27,2012
942,3/27/2024,14:56:44,Video,TikTok,167.205.0.224,10.5.106.48,TCP,0,1.188559322,22,90,30,2000
943,3/27/2024,14:57:28,Video,TikTok,167.205.0.224,10.5.106.48,TCP,0,1.131223629,23,86,28,2005
944,3/27/2024,16:16:03,Video,TikTok,167.205.0.224,10.5.106.48,TCP,0,1.152330508,22,91,28,2001
945,3/27/2024,16:17:13,Video,TikTok,167.205.0.224,10.5.106.48,TCP,0,1.112183544,23,90,27,2009
946,3/27/2024,16:18:05,Video,TikTok,167.205.0.224,10.5.106.48,TCP,0,1.139556962,23,86,26,2005
947,3/27/2024,16:18:49,Video,TikTok,167.205.0.224,10.5.106.48,TCP,0,1.171271008,24,85,29,2013
948,3/27/2024,16:19:28,Video,TikTok,167.205.0.224,10.5.106.48,TCP,0,1.07943038,23,80,27,1999
949,3/27/2024,16:20:16,Video,TikTok,167.205.0.224,10.5.106.48,TCP,0,1.162236287,23,88,28,2007
950,3/27/2024,16:21:04,Video,TikTok,167.205.0.224,10.5.106.48,TCP,0,1.379746835,23,87,30,2006
951,3/27/2024,16:21:46,Video,TikTok,167.205.0.224,10.5.106.48,TCP,0,1.244117647,24,86,28,2014
952,3/27/2024,16:22:08,Video,TikTok,167.205.0.224,10.5.106.48,TCP,0,1.179025424,22,86,28,1996
953,3/27/2024,17:37:03,Video,TikTok,167.205.0.224,10.5.106.48,TCP,0,0.6510638298,21,90,36,1991
954,3/27/2024,17:39:03,Video,TikTok,36.65.252.246,192.168.0.112,TCP,0,0.6742584746,22,326,38,2236
955,3/27/2024,17:39:48,Video,TikTok,36.65.252.246,192.168.0.112,TCP,0,0.6491561181,23,73,34,1992
956,3/27/2024,17:40:08,Video,TikTok,36.65.252.246,192.168.0.112,TCP,0,1.004819915,22,80,61,1990
957,3/27/2024,17:41:33,Video,TikTok,36.65.252.246,192.168.0.112,TCP,0,0.5919680851,21,84,31,1985
958,3/27/2024,17:42:22,Video,TikTok,36.65.252.246,192.168.0.112,TCP,3,0.6056143987,23,67,33,1991.705115
959,3/27/2024,17:43:48,Video,TikTok,36.65.252.246,192.168.0.112,TCP,3,0.8245844809,22,102,45,2017.681043
960,3/27/2024,17:44:33,Video,TikTok,36.65.252.246,192.168.0.112,TCP,3,0.5447438298,21,82,32,1988.656971
961,3/27/2024,17:45:13,Video,TikTok,36.65.252.246,192.168.0.112,TCP,6,0.7021446809,21,94,40,2006.348089
962,3/27/2024,17:46:03,Video,TikTok,36.65.252.246,192.168.0.112,TCP,7,0.6092644068,22,96,32,2019.309164
963,3/27/2024,17:47:21,Video,TikTok,36.65.252.246,192.168.0.112,TCP,0,0.6158898305,22,89,34,1999
964,3/27/2024,17:48:05,Video,TikTok,36.65.252.246,192.168.0.112,TCP,3,0.5960877119,22,80,34,1995.681043
965,3/27/2024,17:50:24,Video,TikTok,36.65.252.246,192.168.0.112,TCP,0,0.5261603376,23,92,29,2011
966,3/27/2024,17:53:38,Video,TikTok,36.65.252.246,192.168.0.112,TCP,3,0.5470879747,23,80,34,2004.705115
967,3/27/2024,17:53:58,Video,TikTok,36.65.252.246,192.168.0.112,TCP,7,0.6037944915,22,83,35,2006.309164
968,3/27/2024,17:54:07,Video,TikTok,36.65.252.246,192.168.0.112,TCP,0,0.5847457627,22,99,32,2009
969,3/27/2024,18:01:23,Game,Xbox,36.65.252.246,192.168.0.112,TCP,0,1.930258186,183,81,201,3440
970,3/27/2024,18:02:35,Game,Xbox,36.65.252.246,192.168.0.112,TCP,0,2.896969697,182,88,239,3438
971,3/27/2024,18:03:12,Game,Xbox,36.65.252.246,192.168.0.112,TCP,0,2.209469697,182,97,228,3447
972,3/27/2024,18:04:31,Game,Xbox,36.65.252.246,192.168.0.112,TCP,0,2.226265823,181,92,201,3433
973,3/27/2024,18:05:43,Game,Xbox,36.65.252.246,192.168.0.112,TCP,0,2.254542607,185,81,185,3458
974,3/27/2024,18:06:19,Game,Xbox,36.65.252.246,192.168.0.112,TCP,0,2.172701511,183,80,185,3439
975,3/27/2024,18:07:04,Game,Xbox,36.65.252.246,192.168.0.112,TCP,0,2.201826196,183,78,185,3437
976,3/27/2024,18:08:16,Game,Xbox,36.65.252.246,192.168.0.112,TCP,0,2.054773869,184,94,188,3462
977,3/27/2024,18:08:46,Game,Xbox,36.65.252.246,192.168.0.112,TCP,0,2.389746835,181,92,203,3433
978,3/27/2024,18:09:11,Game,Xbox,36.65.252.246,192.168.0.112,TCP,0,2.616360759,181,90,217,3431
979,3/27/2024,18:11:03,Game,Xbox,36.65.252.246,192.168.0.112,TCP,0,2.003778338,183,94,185,3453
980,3/27/2024,18:12:08,Game,Xbox,36.65.252.246,192.168.0.112,TCP,0,2.058609069,194,81,203,3539
981,3/27/2024,18:13:05,Game,Xbox,36.65.252.246,192.168.0.112,TCP,10,2.5734375,182,81,225,3463
982,3/27/2024,18:14:20,Game,Xbox,36.65.252.246,192.168.0.112,TCP,0,2.235949367,181,85,184,3426
983,3/27/2024,18:14:52,Game,Xbox,36.65.252.246,192.168.0.112,TCP,0,2.359099496,183,81,185,3440
984,3/27/2024,18:15:21,Game,Xbox,36.65.252.246,192.168.0.112,TCP,3,2.870151515,182,344,240,3703.532598
985,3/27/2024,18:16:11,Game,Xbox,36.65.252.246,192.168.0.112,TCP,0,2.236675127,180,93,188,3425
986,3/27/2024,18:16:55,Game,Xbox,36.65.252.246,192.168.0.112,TCP,0,2.546095718,183,80,224,3439
987,3/27/2024,18:17:25,Game,Xbox,36.65.252.246,192.168.0.112,TCP,0,2.183375635,180,80,185,3412
988,3/27/2024,18:18:28,Game,Xbox,36.65.252.246,192.168.0.112,TCP,0,2.385696203,181,94,188,3435
989,3/27/2024,18:19:08,Game,Xbox,36.65.252.246,192.168.0.112,TCP,0,3.063132911,181,93,239,3434
990,3/27/2024,18:20:24,Game,Xbox,36.65.252.246,192.168.0.112,TCP,0,2.437626263,182,93,197,3443
991,3/27/2024,18:21:13,Game,Xbox,36.65.252.246,192.168.0.112,TCP,0,2.428998741,183,90,185,3449
992,3/27/2024,18:53:03,Game,Xbox,36.65.252.246,192.168.0.112,TCP,0,2.807575758,182,93,218,3443
993,3/27/2024,18:54:10,Game,Xbox,36.65.252.246,192.168.0.112,TCP,0,2.136708861,181,80,211,3421
994,3/27/2024,18:54:47,Game,Xbox,36.65.252.246,192.168.0.112,TCP,0,2.478607595,181,80,183,3421
995,3/27/2024,18:55:19,Game,Xbox,36.65.252.246,192.168.0.112,TCP,0,2.079292929,182,83,184,3433
996,3/27/2024,18:56:22,Game,Xbox,36.65.252.246,192.168.0.112,TCP,0,2.506944444,182,92,190,3442
997,3/27/2024,18:57:04,Game,Xbox,36.65.252.246,192.168.0.112,TCP,0,2.646433081,182,81,203,3431
998,3/27/2024,18:58:15,Game,Xbox,36.65.252.246,192.168.0.112,TCP,0,2.013216958,187,80,184,3475
999,3/27/2024,18:58:22,Game,Xbox,36.65.252.246,192.168.0.112,TCP,0,2.272405063,181,71,204,3412
1000,3/27/2024,18:59:06,Game,Xbox,36.65.252.246,192.168.0.112,TCP,0,2.440972222,182,83,185,3433
1001,3/27/2024,19:00:03,Game,Xbox,36.65.252.246,192.168.0.112,TCP,0,2.875910804,184,91,233,3459
1002,3/27/2024,19:01:50,Game,Xbox,36.65.252.246,192.168.0.112,TCP,0,2.340759494,181,90,184,3431
1003,3/27/2024,19:02:37,Game,Xbox,36.65.252.246,192.168.0.112,TCP,0,3.324689055,188,92,277,3496
1004,3/27/2024,19:03:23,Game,Xbox,36.65.252.246,192.168.0.112,TCP,0,2.909547739,184,92,240,3460
1005,3/27/2024,19:04:18,Game,Xbox,36.65.252.246,192.168.0.112,TCP,0,2.423674242,182,88,201,3438
1006,3/27/2024,19:05:11,Game,Xbox,36.65.252.246,192.168.0.112,TCP,0,2.169796954,180,92,206,3424
1007,3/27/2024,19:05:41,Game,Xbox,36.65.252.246,192.168.0.112,TCP,0,2.118969849,184,74,202,3442
1008,3/27/2024,19:08:09,Game,Xbox,36.65.252.246,192.168.0.112,TCP,0,2.079502519,183,81,185,3440
1009,3/27/2024,19:15:05,Game,Xbox,36.65.252.246,192.168.0.112,TCP,0,2.15506927,183,67,195,3426
1010,3/27/2024,20:04:08,Game,Xbox,36.65.252.246,192.168.0.112,TCP,0,2.272405063,181,80,187,3421
1011,3/27/2024,20:05:18,Game,Xbox,36.65.252.246,192.168.0.112,TCP,0,2.748987342,181,96,254,3437
1012,3/27/2024,20:06:27,Game,Xbox,36.65.252.246,192.168.0.112,TCP,0,2.18790932,183,71,202,3430
1013,3/27/2024,20:09:25,Game,Xbox,36.65.252.246,192.168.0.112,TCP,0,2.002962963,191,81,208,3512
1014,3/27/2024,20:10:19,Game,Xbox,36.65.252.246,192.168.0.112,TCP,0,2.242279412,194,81,228,3539
1015,3/27/2024,20:11:28,Game,Xbox,36.65.252.246,192.168.0.112,TCP,0,2.299527708,183,92,199,3451
1016,3/27/2024,20:11:56,Game,Xbox,36.65.252.246,192.168.0.112,TCP,0,2.356658291,184,78,222,3446
1017,3/27/2024,20:14:31,Game,Xbox,36.65.252.246,192.168.0.112,TCP,0,2.058259494,181,80,193,3421
1018,3/27/2024,20:16:23,Game,Xbox,36.65.252.246,192.168.0.112,TCP,0,2.022025316,181,80,196,3421
